-- phpMyAdmin SQL Dump
-- version 4.7.7
-- https://www.phpmyadmin.net/
--
-- Máy chủ: localhost
-- Thời gian đã tạo: Th2 15, 2019 lúc 03:08 AM
-- Phiên bản máy phục vụ: 10.3.12-MariaDB
-- Phiên bản PHP: 7.0.26

SET SQL_MODE = "NO_AUTO_VALUE_ON_ZERO";
SET AUTOCOMMIT = 0;
START TRANSACTION;
SET time_zone = "+00:00";


/*!40101 SET @OLD_CHARACTER_SET_CLIENT=@@CHARACTER_SET_CLIENT */;
/*!40101 SET @OLD_CHARACTER_SET_RESULTS=@@CHARACTER_SET_RESULTS */;
/*!40101 SET @OLD_COLLATION_CONNECTION=@@COLLATION_CONNECTION */;
/*!40101 SET NAMES utf8mb4 */;

--
-- Cơ sở dữ liệu: `id2050246_vitoidep`
--

-- --------------------------------------------------------

--
-- Cấu trúc bảng cho bảng `bill_order`
--

CREATE TABLE `bill_order` (
  `id_order` varchar(20) COLLATE utf8_unicode_ci NOT NULL,
  `date_bill_create` date NOT NULL,
  `id_staff_create` int(10) NOT NULL
) ENGINE=InnoDB DEFAULT CHARSET=utf8 COLLATE=utf8_unicode_ci;

--
-- Đang đổ dữ liệu cho bảng `bill_order`
--

INSERT INTO `bill_order` (`id_order`, `date_bill_create`, `id_staff_create`) VALUES
('ORDER20181220ST7786', '2018-12-20', 1),
('ORDER20181222ST5533', '2018-12-25', 1),
('ORDER20181229ST9868', '2018-12-29', 1);

-- --------------------------------------------------------

--
-- Cấu trúc bảng cho bảng `blog`
--

CREATE TABLE `blog` (
  `id_blog` int(10) NOT NULL,
  `viet_nam_names` varchar(300) COLLATE utf8_unicode_ci NOT NULL,
  `blog_name` varchar(300) COLLATE utf8_unicode_ci NOT NULL,
  `blog_catalog` int(20) NOT NULL,
  `name_sumary` varchar(300) COLLATE utf8_unicode_ci NOT NULL,
  `content_sumary` varchar(500) COLLATE utf8_unicode_ci NOT NULL,
  `content_full` varchar(10000) COLLATE utf8_unicode_ci NOT NULL,
  `date_create` datetime(6) NOT NULL,
  `date_update` datetime(6) NOT NULL,
  `create_user` int(10) NOT NULL,
  `number_view` int(10) NOT NULL
) ENGINE=InnoDB DEFAULT CHARSET=utf8 COLLATE=utf8_unicode_ci;

-- --------------------------------------------------------

--
-- Cấu trúc bảng cho bảng `blog_catalog`
--

CREATE TABLE `blog_catalog` (
  `id_catalog` varchar(30) COLLATE utf8_unicode_ci NOT NULL,
  `name_blog` varchar(30) COLLATE utf8_unicode_ci NOT NULL,
  `description` varchar(1000) COLLATE utf8_unicode_ci NOT NULL,
  `name_sumary` varchar(300) COLLATE utf8_unicode_ci NOT NULL
) ENGINE=InnoDB DEFAULT CHARSET=utf8 COLLATE=utf8_unicode_ci;

--
-- Đang đổ dữ liệu cho bảng `blog_catalog`
--

INSERT INTO `blog_catalog` (`id_catalog`, `name_blog`, `description`, `name_sumary`) VALUES
('huong_dan_lam_dep', 'Hướng dẫn làm đẹp', 'Chuyên mục gồm các bài viết về cách chăm sóc sắc đẹp', 'Chăm sóc sắc đẹp cho bạn'),
('review_san_pham', 'review_cac_san_pham', 'Tổng hợp các bài review sản phẩm', 'Tổng hợp các bài review sản phẩm'),
('huong_dan_lam_dep', 'Hướng dẫn làm đẹp', 'Chuyên mục gồm các bài viết về cách chăm sóc sắc đẹp', 'Chăm sóc sắc đẹp cho bạn'),
('review_san_pham', 'review_cac_san_pham', 'Tổng hợp các bài review sản phẩm', 'Tổng hợp các bài review sản phẩm'),
('huong_dan_lam_dep', 'Hướng dẫn làm đẹp', 'Chuyên mục gồm các bài viết về cách chăm sóc sắc đẹp', 'Chăm sóc sắc đẹp cho bạn'),
('review_san_pham', 'review_cac_san_pham', 'Tổng hợp các bài review sản phẩm', 'Tổng hợp các bài review sản phẩm');

-- --------------------------------------------------------

--
-- Cấu trúc bảng cho bảng `catalog_product`
--

CREATE TABLE `catalog_product` (
  `id_catalog_product` int(10) NOT NULL,
  `catalog_name` varchar(30) COLLATE utf8_unicode_ci DEFAULT NULL,
  `catalog_describle` varchar(2000) COLLATE utf8_unicode_ci DEFAULT NULL,
  `image_catalog` varchar(100) COLLATE utf8_unicode_ci NOT NULL,
  `status` int(5) NOT NULL
) ENGINE=InnoDB DEFAULT CHARSET=utf8 COLLATE=utf8_unicode_ci ROW_FORMAT=COMPACT;

--
-- Đang đổ dữ liệu cho bảng `catalog_product`
--

INSERT INTO `catalog_product` (`id_catalog_product`, `catalog_name`, `catalog_describle`, `image_catalog`, `status`) VALUES
(1, 'SON MẸ KEM', '', '', 0),
(2, 'CHĂM SÓC SẮC ĐẸP', '', '', 0),
(3, 'THỰC PHẨM DINH DƯỠNG', '', '', 0);

-- --------------------------------------------------------

--
-- Cấu trúc bảng cho bảng `customer`
--

CREATE TABLE `customer` (
  `id_customer` varchar(20) COLLATE utf8_unicode_ci NOT NULL,
  `fullname` varchar(50) COLLATE utf8_unicode_ci NOT NULL,
  `account` varchar(50) COLLATE utf8_unicode_ci NOT NULL,
  `password` varchar(50) COLLATE utf8_unicode_ci NOT NULL,
  `email` varchar(100) COLLATE utf8_unicode_ci NOT NULL,
  `phone_number` int(20) DEFAULT NULL,
  `DOB` date DEFAULT NULL,
  `sex` tinyint(1) DEFAULT NULL,
  `address` varchar(200) COLLATE utf8_unicode_ci DEFAULT NULL,
  `point` int(10) DEFAULT 0,
  `avatar` varchar(50) COLLATE utf8_unicode_ci NOT NULL,
  `social_account` varchar(200) COLLATE utf8_unicode_ci DEFAULT NULL,
  `create_date` datetime(6) DEFAULT current_timestamp(6),
  `update_date` datetime(6) DEFAULT current_timestamp(6)
) ENGINE=InnoDB DEFAULT CHARSET=utf8 COLLATE=utf8_unicode_ci ROW_FORMAT=COMPACT;

--
-- Đang đổ dữ liệu cho bảng `customer`
--

INSERT INTO `customer` (`id_customer`, `fullname`, `account`, `password`, `email`, `phone_number`, `DOB`, `sex`, `address`, `point`, `avatar`, `social_account`, `create_date`, `update_date`) VALUES
('1', 'Khách hàng không đăng ký', '', '', '', 0, '0000-00-00', 0, '', 0, '', '', '0000-00-00 00:00:00.000000', '0000-00-00 00:00:00.000000'),
('11', 'Nguyễn Hoàng Ánh Linh', 'nguyenhoanglinh', 'hoanglinh', 'nguyenthilinhtrang@gmail.com', 988742876, '1989-02-02', 1, '97 Vỗ Văn Kiêt - Quận 1 -Hồ Chí Minh', 0, '', '', '0000-00-00 00:00:00.000000', '0000-00-00 00:00:00.000000'),
('12', 'nguyen anh hoang', 'meodolaittien', 'nguyenah', 'nonamformail@gmail.com', 98437778, '0000-00-00', 0, 'man thien313', 0, '', '', '0000-00-00 00:00:00.000000', '0000-00-00 00:00:00.000000'),
('13', 'nguyen anh hoang', 'meor', 'abc', 'toilameo@gmail.com', 98437778, '2020-03-31', 0, 'man thien313', 0, '', '', '0000-00-00 00:00:00.000000', '0000-00-00 00:00:00.000000'),
('14', 'nguyễn anh hoàng', 'nguyenah', 'nguyenah', 'nguyenanhhoang7294@gmail.com', 987654321, '1990-01-29', 1, 'Hồ Chí Minh', 0, '', '', '0000-00-00 00:00:00.000000', '0000-00-00 00:00:00.000000'),
('15', 'Trần Quang Khải', 'quangkhai', 'nguyenah', 'nguyenquankhai@gmail.com', 988908768, '1997-02-16', 0, 'Vũng Tàu', 0, '', '', '0000-00-00 00:00:00.000000', '0000-00-00 00:00:00.000000'),
('16', 'Lê Anh Văn', 'leanhvan123', 'leanhvan123', 'leanhvan@gmail.com', 987733334, '1987-08-01', 0, '32 Ngôn Quyền, Bình Thạnh, Hồ Chí Minh', 0, '', '', '0000-00-00 00:00:00.000000', '0000-00-00 00:00:00.000000'),
('17', 'Bùi Anh Linh', 'nguyenah7294', 'nguyenah72', 'buianhtuan1983@gmail.com', 988460072, '1983-08-08', 0, '94 Ô cầu dừa - Hai Bà Trưng - Hà Nội', 0, '', '', '0000-00-00 00:00:00.000000', '0000-00-00 00:00:00.000000'),
('18', '', 'hoangnaz', '40bd001563085fc35165329ea1ff5c5ecbdbbeef', '', 988333222, '0000-00-00', NULL, 'Vui lòng nhập địa chỉ', NULL, '18/bot_ca_rot.jpg', NULL, '2018-10-27 00:00:00.000000', '2018-11-10 05:34:43.000000'),
('19', 'nguyen anh hoang', 'hoangnaz1', '40bd001563085fc35165329ea1ff5c5ecbdbbeef', 'nguyen111@gmail.com', 933333333, '0000-00-00', 127, 'qiamg', 30, '', '2222', '2018-10-28 07:03:46.000000', '2018-10-28 07:03:46.000000'),
('2', 'Nguyễn Văn Dũng', 'dungqb1910', 'nguyenvandung', 'nguyenvandung@gmail.com', 1652668762, '1968-10-19', 0, 'Lệ Ninh-Lệ Thủy-Quảng Bình', 0, '', '', '0000-00-00 00:00:00.000000', '0000-00-00 00:00:00.000000'),
('20', 'nguyen anh hoang', 'hoangnaz123', '40bd001563085fc35165329ea1ff5c5ecbdbbeef', 'nguyen111@gmail.com', 933333333, '0000-00-00', 127, 'qiamg', 3, '', '2222', '2018-10-28 07:03:46.000000', '2018-11-29 18:57:03.000000'),
('21', 'nguyen anh hoang', 'hoangnaz1', '123', 'nguyenss111@gmail.com', 933333333, '0000-00-00', 127, 'qiamg', 30, '', '2222', '2018-10-28 07:04:20.000000', '2018-10-28 07:04:20.000000'),
('22', 'nguyen anh hoang', 'hoangnaz1', '123', 'nguyenss111@gmail.com', 933333333, '0000-00-00', 127, 'qiamg', 30, '', '2222', '2018-10-28 07:04:20.000000', '2018-10-28 07:04:20.000000'),
('23', 'nguyen anh hoang', 'bongdas', '123', '3121113@gmail.com', 933333333, '0000-00-00', 127, 'qiamg', 30, '', '2222', '2018-10-28 07:05:58.000000', '2018-10-28 07:05:58.000000'),
('24', 'nguyen anh hoang', 'bongd3as333', '123', '312333@gmail.com', 933333333, '0000-00-00', 127, 'qiamg', 30, '', '2222', '2018-10-28 10:21:50.000000', '2018-10-28 10:21:50.000000'),
('3', 'Nguyễn Thị Ngọc Diệu', 'ngocdieu1111', 'nguocdieu', 'nguyenthingocdieu@gmail.com', 2147483647, '2000-11-11', 1, 'Lệ Ninh - Lệ Thủy -Quảng Bình', 30, '', '', '0000-00-00 00:00:00.000000', '2018-11-29 18:59:31.000000'),
('4', 'Nguyễn Anh Hoàng', 'nguyenahltqbh', 'nguyenah', 'nguyenanhhoang@gmail.com', 917073230, '1994-02-07', 0, 'Man Thiện - Phường Hiệp  Phú - Quận 9 - Hồ Chí Minh', 0, '', '', '0000-00-00 00:00:00.000000', '0000-00-00 00:00:00.000000'),
('5', 'Nguyễn Tiến Thăng', 'meodola', 'meodola', 'meodalaanit@gmail.com', 988473877, '1999-12-31', 0, 'Quận 9 - Hồ Chí Minh', 0, '', '', '0000-00-00 00:00:00.000000', '0000-00-00 00:00:00.000000'),
('6', 'Nguyễn Hoàng Anh', 'hoanganhgialai', 'nguyenanhhoang', 'nguyenanhhoangltqbh@gmail.com', 988460072, '1994-02-07', 0, 'Thị trấn Lệ Ninh- Huyện Lệ Thủy - Tỉnh Quảng BÌnh', 0, '', '', '0000-00-00 00:00:00.000000', '0000-00-00 00:00:00.000000'),
('CUS2007064', 'hoangnnnn', 'nnnnnnnn', 'd2771f79457587cc44c2a86cbf85c1e18fb07cb9', 'nn@gmail.com', 0, '0000-00-00', 0, '', 0, '', NULL, '2018-11-08 17:02:26.000000', '2018-11-08 17:02:26.000000'),
('CUS2102969', 'lânh', 'mfdm', 'f2e4e8de4d7b5ee10799fadc6a0e002e62bdbbe8', 'dsfjdsj@gmail.com', 0, '0000-00-00', 0, '', 0, '', NULL, '2018-11-08 17:01:01.000000', '2018-11-08 17:01:01.000000'),
('CUS2151380', 'nguyen anh hoang', 'hoanganhgia1111', 'c18c100eed1d9e5438e31fdcb636f61f18c3b4ec', 'hoangmm@gmail.com', 0, '0000-00-00', 0, '', 0, '', '', '2018-11-06 16:12:12.000000', '2018-11-06 16:12:12.000000'),
('CUS2694012', 'Nguyễn Anh Hoàng', 'admin', '40bd001563085fc35165329ea1ff5c5ecbdbbeef', 'nguyenanhhoangltqbh@gmail.com', 983322222, '1994-02-07', 1, 'Vui lòng nhập địa chỉ', 0, '', 'https://www.facebook.com/nguyenanhhoang.7.2', '2018-12-29 03:51:05.000000', '2018-12-29 04:48:08.000000'),
('CUS3092269', 'fsdfds', 'fdsfsdfds', '7b52009b64fd0a2a49e6d8a939753077792b0554', '1232@gmail.com', 0, '0000-00-00', 0, '', 0, '', '', '2018-11-06 16:07:46.000000', '2018-11-06 16:07:46.000000'),
('CUS3485231', 'nguyenah09', 'nguyne8238', '7780cbea82dbf487858f49f8158e1fed5e33e59f', 'ouit@gmail.com', 0, '0000-00-00', 0, '', 0, '', '', '2018-11-06 16:18:27.000000', '2018-11-06 16:18:27.000000'),
('CUS3501698', 'hoangaaa', 'hoang123', '40bd001563085fc35165329ea1ff5c5ecbdbbeef', 'ng@gmail.com', 0, '0000-00-00', 0, '', 0, '', '', '2018-11-05 18:02:54.000000', '2018-11-05 18:02:54.000000'),
('CUS3943111', 'Lê Anh Bằng', 'nguyen984', '40bd001563085fc35165329ea1ff5c5ecbdbbeef', 'hoangnoaa@gmail.com', 0, '0000-00-00', 0, '', 0, '', NULL, '2018-11-08 16:56:15.000000', '2018-11-08 16:56:15.000000'),
('CUS4073754', 'nguyenah90', 'nguyenah1', '40bd001563085fc35165329ea1ff5c5ecbdbbeef', 'nguyenanhhoang@gmailc.om', 0, '0000-00-00', 0, '', 0, 'CUS4073754/avater.jpg', '', '2018-12-16 08:52:08.000000', '2018-12-16 08:52:58.000000'),
('CUS4375068', 'levanthanh', 'thanhas', '64b1ecb1fe64e2d0f8ec646c633a98cb20d2b245', 'thanhlo@gmail.com', 0, '0000-00-00', 0, '', 0, '', '', '2018-11-06 16:25:30.000000', '2018-11-06 16:25:30.000000'),
('CUS4483145', 'nguyen anh hoang', 'bongd3as', '123', '31233@gmail.com', 933333333, '0000-00-00', 127, 'qiamg', 30, '', '2222', '2018-11-06 16:03:46.000000', '2018-11-06 16:03:46.000000'),
('CUS4912346', 'hoang', 'hoangnaz', '7110eda4d09e062aa5e4a390b0a572ac0d2c0220', '123@gmail.com', 0, '0000-00-00', 0, '', 0, '', '', '2018-11-05 17:57:04.000000', '2018-11-05 17:57:04.000000'),
('CUS5552426', '312321', '321312321312312', '40bd001563085fc35165329ea1ff5c5ecbdbbeef', 'jjdfjj@gmail.com', 0, '0000-00-00', 0, '', 0, '', '', '2018-11-06 16:20:53.000000', '2018-11-06 16:20:53.000000'),
('CUS5815853', 'lollslsl', 'ksfksfksdk', 'ec7c06739cc8d843fc887ea363f87fdbd69b49de', 'kkkk@gmail.com', 0, '0000-00-00', 0, '', 0, '', '', '2018-11-06 16:26:04.000000', '2018-11-06 16:26:04.000000'),
('CUS6035763', 'Nguyễn Anh Hoàng', 'admin', '40bd001563085fc35165329ea1ff5c5ecbdbbeef', 'admin@gmail.com', 918098333, '2018-12-09', 1, 'Khu tái định cư - Tiểu dân phố 2 A-  Lệ Thủy - Quảng Bình  - Việt Nam', 70, 'CUS6035763/email_delivery.png', '193933232', '2018-11-06 16:27:14.000000', '2018-12-27 17:00:40.000000'),
('CUS6080937', '3123123124', '32432432', '4d27bc3cacb07bd9ecd6a4515e16bd471199a4ea', 'a@gmail.com', 0, '0000-00-00', 0, '', 0, '', '', '2018-11-05 18:00:03.000000', '2018-11-05 18:00:03.000000'),
('CUS6540227', '123', '12333', '011c945f30ce2cbafc452f39840f025693339c42', '12312@gmail.com', 0, '0000-00-00', 0, '', 0, '', NULL, '2018-11-08 17:00:01.000000', '2018-11-08 17:00:01.000000'),
('CUS6980727', 'hoang', 'anhhoang09', '63cd5d534cbf1db29609ebd87e93b78ec06ac404', 'anhhoang838@gmai.com', 0, '0000-00-00', 0, '', 0, '', '', '2018-11-06 16:15:21.000000', '2018-11-06 16:15:21.000000'),
('CUS7006352', 'anhhoang', 'nguyenah123', '40bd001563085fc35165329ea1ff5c5ecbdbbeef', 'nguyenanhhoang.ltqbh@gmail.com', 0, '0000-00-00', 0, '', 10, '', '', '2018-12-30 03:09:21.000000', '2018-12-30 03:11:11.000000'),
('CUS7438626', 'Lê Anh Bằng', 'hoang', '40bd001563085fc35165329ea1ff5c5ecbdbbeef', 'hoangnazaa@gmail.com', 0, '0000-00-00', 0, '', 0, '', NULL, '2018-11-08 16:55:44.000000', '2018-11-08 16:55:44.000000'),
('CUS8192641', 'hoangnaz', '123hoang', '7110eda4d09e062aa5e4a390b0a572ac0d2c0220', '123hoasng@gmail.com', 0, '0000-00-00', 0, '', 0, '', '', '2018-11-05 18:07:48.000000', '2018-11-05 18:07:48.000000'),
('CUS8560599', 'toi', 'laaaa', 'fba722fb0b3c130abcae6ec553193e65ef29b10f', 'hoangkkk@gmail.com', 0, '0000-00-00', 0, '', 0, '', '', '2018-11-06 16:10:52.000000', '2018-11-06 16:10:52.000000'),
('CUS8709543', 'hsjfdj', '123', '7c222fb2927d828af22f592134e8932480637c0d', 'g@gmail.com', 0, '0000-00-00', 0, '', 0, '', '', '2018-11-05 18:11:38.000000', '2018-11-05 18:11:38.000000'),
('CUS9027580', 'nguyen anh hoang', 'hoang7294', '40bd001563085fc35165329ea1ff5c5ecbdbbeef', 'anguyenanhhoangltqbh@gmail.com', 2147483647, '0000-00-00', 0, 'Vui lòng nhập địa chỉ', 0, '', '', '2018-11-08 16:23:43.000000', '2018-11-08 16:52:51.000000'),
('CUS9154638', 'nguyen Anh Haongf', 'hoangltqbh', '5e145bc90491bb1dde6d9544abc62226b144ac0e', 'hoangmkk@gmail.com', 0, '0000-00-00', 0, '', 0, '', NULL, '2018-11-08 16:58:17.000000', '2018-11-08 16:58:17.000000'),
('CUS9271761', 'nguyenah92', 'hoangnaz99', '40bd001563085fc35165329ea1ff5c5ecbdbbeef', 'hoangnamm@gmail.com', 988333222, '0000-00-00', 0, 'Vui lòng nhập địa chỉ', 0, '', '', '2018-11-08 17:03:35.000000', '2018-11-08 17:06:32.000000'),
('CUS9410899', 'nguyenah', 'hoangnaz1233', '7c222fb2927d828af22f592134e8932480637c0d', 'hoangan@gmail.com', 0, '0000-00-00', 0, '', 0, '', '', '2018-11-06 16:05:51.000000', '2018-11-06 16:05:51.000000'),
('CUS9559106', 'hoanganhgialai', '1234555', '20eabe5d64b0e216796e834f52d61fd0b70332fc', 'aaa@gmail.com', 0, '0000-00-00', 0, '', 0, '', '', '2018-11-05 18:09:59.000000', '2018-11-05 18:09:59.000000'),
('CUS9867286', 'nguyen anh haong', 'hoang1234', '7110eda4d09e062aa5e4a390b0a572ac0d2c0220', '1231@gmail.com', 0, '0000-00-00', 0, '', 0, '', '', '2018-11-05 17:58:06.000000', '2018-11-05 17:58:06.000000'),
('CUS9953105', 'hoangnnnn', '12312fdjjj', 'bf82dc10db98efb671c568f230ca6ce1b04b156e', 'ngnnan@gmail.com', 0, '0000-00-00', 0, '', 0, '', '', '2018-11-06 16:06:45.000000', '2018-11-06 16:06:45.000000');

-- --------------------------------------------------------

--
-- Cấu trúc bảng cho bảng `detail_info_order`
--

CREATE TABLE `detail_info_order` (
  `product` int(20) NOT NULL,
  `quantity_one_product` int(20) NOT NULL,
  `price_product` int(20) NOT NULL,
  `total_money_product_order` int(10) NOT NULL,
  `id_order` varchar(20) COLLATE utf8_unicode_ci NOT NULL
) ENGINE=InnoDB DEFAULT CHARSET=utf8 COLLATE=utf8_unicode_ci ROW_FORMAT=COMPACT;

--
-- Đang đổ dữ liệu cho bảng `detail_info_order`
--

INSERT INTO `detail_info_order` (`product`, `quantity_one_product`, `price_product`, `total_money_product_order`, `id_order`) VALUES
(13, 1, 120000, 120000, 'ORDER20181202ST1042'),
(15, 1, 160000, 160000, 'ORDER20181202ST9788'),
(18, 4, 90000, 360000, 'ORDER20181229ST6324'),
(21, 1, 300000, 300000, 'ORDER20181202ST1042'),
(23, 49, 470000, 23030000, 'ORDER20181229ST9868'),
(47, 1, 250000, 250000, 'ORDER20181222ST5533'),
(70, 3, 700000, 700000, 'ORDER20181202ST2204'),
(91, 1, 95000, 95000, 'ORDER20181202ST1042'),
(91, 1, 700000, 700000, 'ORDER20181202ST6052'),
(91, 1, 700000, 700000, 'ORDER20181202ST7792'),
(91, 1, 95000, 95000, 'ORDER20181216ST1182'),
(91, 1, 95000, 95000, 'ORDER20181216ST2098'),
(91, 4, 95000, 380000, 'ORDER20181216ST2439'),
(91, 1, 95000, 95000, 'ORDER20181216ST5910'),
(91, 1, 95000, 95000, 'ORDER20181216ST7864'),
(91, 1, 95000, 95000, 'ORDER20181216ST7992'),
(91, 1, 95000, 95000, 'ORDER20181216ST9204'),
(91, 1, 95000, 95000, 'ORDER20181219ST5291'),
(91, 1, 95000, 95000, 'ORDER20181220ST8508'),
(91, 1, 95000, 95000, 'ORDER20181230ST4320'),
(92, 1, 700000, 700000, 'ORDER20181202ST3583'),
(92, 1, 700000, 700000, 'ORDER20181216ST1326'),
(92, 1, 700000, 700000, 'ORDER20181216ST3049'),
(92, 1, 700000, 700000, 'ORDER20181216ST3647'),
(92, 1, 700000, 700000, 'ORDER20181216ST3657'),
(92, 1, 700000, 700000, 'ORDER20181216ST8734'),
(92, 1, 700000, 700000, 'ORDER20181219ST3723'),
(92, 1, 700000, 700000, 'ORDER20181220ST7786'),
(92, 1, 700000, 700000, 'ORDER20181220ST9485'),
(92, 1, 700000, 700000, 'ORDER20181227ST9711'),
(93, 1, 90000, 90000, 'ORDER20181202ST1042'),
(93, 1, 90000, 90000, 'ORDER20181216ST2623'),
(93, 1, 90000, 90000, 'ORDER20181219ST5570'),
(93, 1, 90000, 90000, 'ORDER20181220ST8570'),
(95, 1, 375000, 375000, 'ORDER20181202ST1042'),
(96, 6, 195000, 1170000, 'ORDER20181214ST1980'),
(96, 1, 195000, 195000, 'ORDER20181220ST9102'),
(97, 1, 155000, 155000, 'ORDER20181203ST2792'),
(97, 1, 155000, 155000, 'ORDER20181216ST5989'),
(99, 1, 350000, 350000, 'ORDER20181216ST2439');

-- --------------------------------------------------------

--
-- Cấu trúc bảng cho bảng `feedback`
--

CREATE TABLE `feedback` (
  `id_feedback` int(20) NOT NULL,
  `content_feedback` varchar(500) COLLATE utf8_unicode_ci NOT NULL,
  `date_send_fb` date NOT NULL,
  `id_user_feedback` int(20) NOT NULL
) ENGINE=InnoDB DEFAULT CHARSET=utf8 COLLATE=utf8_unicode_ci;

--
-- Đang đổ dữ liệu cho bảng `feedback`
--

INSERT INTO `feedback` (`id_feedback`, `content_feedback`, `date_send_fb`, `id_user_feedback`) VALUES
(1, 'cảm ơn website.', '2017-08-01', 4),
(2, 'Chúng tôi rất tin dùng website', '2017-08-01', 2);

-- --------------------------------------------------------

--
-- Cấu trúc bảng cho bảng `image_promotion`
--

CREATE TABLE `image_promotion` (
  `id` int(10) NOT NULL,
  `image_content` varchar(100) COLLATE utf8_unicode_ci NOT NULL,
  `possition` int(2) NOT NULL,
  `create_date` datetime(6) NOT NULL,
  `update_date` datetime(6) NOT NULL
) ENGINE=InnoDB DEFAULT CHARSET=utf8 COLLATE=utf8_unicode_ci;

-- --------------------------------------------------------

--
-- Cấu trúc bảng cho bảng `import_bill`
--

CREATE TABLE `import_bill` (
  `id_import_bill` varchar(32) COLLATE utf8_unicode_ci NOT NULL,
  `date_import` date NOT NULL,
  `staff_create` int(20) NOT NULL,
  `staff_in_charge_bill` int(20) NOT NULL,
  `total_money` int(20) NOT NULL,
  `id_producer_publisher` varchar(20) COLLATE utf8_unicode_ci NOT NULL,
  `status_import_bill` int(5) NOT NULL
) ENGINE=InnoDB DEFAULT CHARSET=utf8 COLLATE=utf8_unicode_ci ROW_FORMAT=COMPACT;

--
-- Đang đổ dữ liệu cho bảng `import_bill`
--

INSERT INTO `import_bill` (`id_import_bill`, `date_import`, `staff_create`, `staff_in_charge_bill`, `total_money`, `id_producer_publisher`, `status_import_bill`) VALUES
('16127662', '2017-10-22', 1, 14, 160044, '10XBEAUTY', 0),
('26325507', '2018-12-29', 1, 2, 7200000, 'MEKENHANOI', 0),
('30760502', '2018-12-29', 1, 2, 9000000, 'MEKENHANOI', 0),
('74449591', '2017-10-28', 1, 2, 400000, '10XBEAUTY', 0),
('81902321', '2018-12-25', 1, 13, 0, 'MEKENHANOI', 1),
('83817138', '2017-08-16', 1, 14, 170000, 'MEKENHANOI', 1),
('84913024', '2017-08-18', 1, 2, 1260000, '10XBEAUTY', 0),
('90488586', '2017-08-18', 1, 15, 7930000, '10XBEAUTY', 0),
('91015930', '2017-08-19', 1, 14, 1200000, '10XBEAUTY', 1);

-- --------------------------------------------------------

--
-- Cấu trúc bảng cho bảng `info_detail_import_bill`
--

CREATE TABLE `info_detail_import_bill` (
  `product` varchar(20) COLLATE utf8_unicode_ci NOT NULL,
  `quantity_import` int(10) NOT NULL,
  `import_price` int(10) NOT NULL,
  `id_import_bill` varchar(32) COLLATE utf8_unicode_ci NOT NULL
) ENGINE=InnoDB DEFAULT CHARSET=utf8 COLLATE=utf8_unicode_ci ROW_FORMAT=COMPACT;

--
-- Đang đổ dữ liệu cho bảng `info_detail_import_bill`
--

INSERT INTO `info_detail_import_bill` (`product`, `quantity_import`, `import_price`, `id_import_bill`) VALUES
('1', 1, 1, '16127662'),
('1', 80, 90000, '26325507'),
('1', 100, 90000, '30760502'),
('1', 10, 10000, '83817138'),
('11', 3, 120000, '81902321'),
('37', 20, 20000, '74449591'),
('37', 20, 50000, '90488586'),
('56', 5, 32000, '16127662'),
('56', 1, 70000, '83817138'),
('57', 1, 43, '16127662'),
('57', 12, 30000, '84913024'),
('58', 30, 30000, '84913024'),
('66', 15, 40000, '91015930'),
('70', 15, 30000, '90488586'),
('71', 4, 50000, '90488586'),
('72', 20, 40000, '90488586'),
('73', 10, 50000, '90488586'),
('74', 20, 60000, '90488586'),
('75', 14, 70000, '90488586'),
('76', 10, 40000, '90488586'),
('77', 40, 60000, '90488586'),
('88', 10, 60000, '91015930');

-- --------------------------------------------------------

--
-- Cấu trúc bảng cho bảng `list_review`
--

CREATE TABLE `list_review` (
  `id` int(20) NOT NULL,
  `ip_customer` int(20) NOT NULL,
  `id_list_view` int(20) NOT NULL
) ENGINE=InnoDB DEFAULT CHARSET=utf8 COLLATE=utf8_unicode_ci;

-- --------------------------------------------------------

--
-- Cấu trúc bảng cho bảng `list_wish_product`
--

CREATE TABLE `list_wish_product` (
  `id_list_product` varchar(20) COLLATE utf8_unicode_ci NOT NULL,
  `id_product` int(20) NOT NULL,
  `view_date` datetime(6) NOT NULL,
  `status` int(2) NOT NULL
) ENGINE=InnoDB DEFAULT CHARSET=utf8 COLLATE=utf8_unicode_ci;

-- --------------------------------------------------------

--
-- Cấu trúc bảng cho bảng `message_user`
--

CREATE TABLE `message_user` (
  `id_message` int(10) NOT NULL,
  `content_message` varchar(5000) COLLATE utf8_unicode_ci NOT NULL,
  `id_user_message` varchar(20) COLLATE utf8_unicode_ci NOT NULL,
  `date_update` datetime(6) NOT NULL
) ENGINE=InnoDB DEFAULT CHARSET=utf8 COLLATE=utf8_unicode_ci ROW_FORMAT=COMPACT;

--
-- Đang đổ dữ liệu cho bảng `message_user`
--

INSERT INTO `message_user` (`id_message`, `content_message`, `id_user_message`, `date_update`) VALUES
(1, '213123', 'CUS6035763', '2018-12-02 05:01:23.000000'),
(2, 'Bạn đã đặt đơn hàng thành công vào thời gian: 2018-12-02 05:52:45Vui lòng kiểm tra tại tag đơn hàng của bạn', 'CUS6035763', '2018-12-02 05:52:45.000000'),
(3, '<p>Bạn đã đặt đơn hàng thành công vào thời gian: 2018-12-02 06:17:55</p><p>Vui lòng kiểm tra tại tag đơn hàng của bạn</p>', 'CUS6035763', '2018-12-02 06:17:55.000000'),
(4, '<p>Bạn đã đặt đơn hàng thành công vào thời gian: 2018-12-02 18:01:02</p><p>Vui lòng kiểm tra tại tag đơn hàng của bạn</p>', 'CUS6035763', '2018-12-02 18:01:02.000000'),
(5, '<p>Bạn đã đặt đơn hàng thành công vào thời gian: 2018-12-03 23:03:08</p><p>Vui lòng kiểm tra tại tag đơn hàng của bạn</p>', 'CUS6035763', '2018-12-03 23:03:09.000000'),
(6, '<p>Bạn đã đặt đơn hàng thành công vào thời gian: 2018-12-14 17:31:11</p><p>Vui lòng kiểm tra tại tag đơn hàng của bạn</p>', 'CUS6035763', '2018-12-14 17:31:11.000000'),
(7, '<p>Bạn đã đặt đơn hàng thành công vào thời gian: 2018-12-16 13:01:55</p><p>Vui lòng kiểm tra tại tag đơn hàng của bạn</p>', 'CUS6035763', '2018-12-16 13:01:56.000000'),
(8, '<p>Bạn đã đặt đơn hàng thành công vào thời gian: 2018-12-16 13:11:43</p><p>Vui lòng kiểm tra tại tag đơn hàng của bạn</p>', 'CUS6035763', '2018-12-16 13:11:43.000000'),
(9, '<p>Bạn đã đặt đơn hàng thành công vào thời gian: 2018-12-16 13:18:48</p><p>Vui lòng kiểm tra tại tag đơn hàng của bạn</p>', 'CUS6035763', '2018-12-16 13:18:48.000000'),
(10, '<p>Bạn đã đặt đơn hàng thành công vào thời gian: 2018-12-16 13:19:57</p><p>Vui lòng kiểm tra tại tag đơn hàng của bạn</p>', 'CUS6035763', '2018-12-16 13:19:57.000000'),
(11, '<p>Bạn đã đặt đơn hàng thành công vào thời gian: 2018-12-16 13:23:22</p><p>Vui lòng kiểm tra tại tag đơn hàng của bạn</p>', 'CUS6035763', '2018-12-16 13:23:22.000000'),
(12, '<p>Bạn đã đặt đơn hàng thành công vào thời gian: 2018-12-16 13:26:04</p><p>Vui lòng kiểm tra tại tag đơn hàng của bạn</p>', 'CUS6035763', '2018-12-16 13:26:04.000000'),
(13, '<p>Bạn đã đặt đơn hàng thành công vào thời gian: 2018-12-16 13:27:22</p><p>Vui lòng kiểm tra tại tag đơn hàng của bạn</p>', 'CUS6035763', '2018-12-16 13:27:22.000000'),
(14, '<p>Bạn đã đặt đơn hàng thành công vào thời gian: 2018-12-16 13:29:07</p><p>Vui lòng kiểm tra tại tag đơn hàng của bạn</p>', 'CUS6035763', '2018-12-16 13:29:07.000000'),
(15, '<p>Bạn đã đặt đơn hàng thành công vào thời gian: 2018-12-16 13:30:57</p><p>Vui lòng kiểm tra tại tag đơn hàng của bạn</p>', 'CUS6035763', '2018-12-16 13:30:57.000000'),
(16, '<p>Bạn đã đặt đơn hàng thành công vào thời gian: 2018-12-16 13:33:20</p><p>Vui lòng kiểm tra tại tag đơn hàng của bạn</p>', 'CUS6035763', '2018-12-16 13:33:20.000000'),
(17, '<p>Bạn đã đặt đơn hàng thành công vào thời gian: 2018-12-16 13:34:29</p><p>Vui lòng kiểm tra tại tag đơn hàng của bạn</p>', 'CUS6035763', '2018-12-16 13:34:29.000000'),
(18, '<p>Bạn đã đặt đơn hàng thành công vào thời gian: 2018-12-16 13:48:14</p><p>Vui lòng kiểm tra tại tag đơn hàng của bạn</p>', 'CUS6035763', '2018-12-16 13:48:14.000000'),
(19, '<p>Bạn đã đặt đơn hàng thành công vào thời gian: 2018-12-16 14:02:52</p><p>Vui lòng kiểm tra tại tag đơn hàng của bạn</p>', 'CUS6035763', '2018-12-16 14:02:54.000000'),
(20, '<p>Bạn đã đặt đơn hàng thành công vào thời gian: 2018-12-16 14:11:05</p><p>Vui lòng kiểm tra tại tag đơn hàng của bạn</p>', 'CUS6035763', '2018-12-16 14:11:06.000000'),
(21, '<p>Bạn đã đặt đơn hàng thành công vào thời gian: 2018-12-19 16:12:58</p><p>Vui lòng kiểm tra tại tag đơn hàng của bạn</p>', 'CUS6035763', '2018-12-19 16:12:58.000000'),
(22, '<p>Bạn đã đặt đơn hàng thành công vào thời gian: 2018-12-19 17:17:58</p><p>Vui lòng kiểm tra tại tag đơn hàng của bạn</p>', 'CUS6035763', '2018-12-19 17:17:58.000000'),
(23, '<p>Bạn đã đặt đơn hàng thành công vào thời gian: 2018-12-20 16:01:50</p><p>Vui lòng kiểm tra tại tag đơn hàng của bạn</p>', 'CUS6035763', '2018-12-20 16:01:50.000000'),
(24, '<p>Bạn đã đặt đơn hàng thành công vào thời gian: 2018-12-20 16:02:42</p><p>Vui lòng kiểm tra tại tag đơn hàng của bạn</p>', 'CUS6035763', '2018-12-20 16:02:42.000000'),
(25, '<p>Bạn đã đặt đơn hàng thành công vào thời gian: 2018-12-20 16:03:11</p><p>Vui lòng kiểm tra tại tag đơn hàng của bạn</p>', 'CUS6035763', '2018-12-20 16:03:11.000000'),
(26, '<p>Bạn đã đặt đơn hàng thành công vào thời gian: 2018-12-20 16:09:27</p><p>Vui lòng kiểm tra tại tag đơn hàng của bạn</p>', 'CUS6035763', '2018-12-20 16:09:27.000000'),
(27, '<p>Bạn đã đặt đơn hàng thành công vào thời gian: 2018-12-22 02:03:57</p><p>Vui lòng kiểm tra tại tag đơn hàng của bạn</p>', 'CUS6035763', '2018-12-22 02:03:57.000000'),
(28, '<p>Bạn đã đặt đơn hàng thành công vào thời gian: 2018-12-27 17:00:41</p><p>Vui lòng kiểm tra tại tag đơn hàng của bạn</p>', 'CUS6035763', '2018-12-27 17:00:41.000000'),
(29, '<p>Bạn đã đặt đơn hàng thành công vào thời gian: 2018-12-30 03:11:12</p><p>Vui lòng kiểm tra tại tag đơn hàng của bạn</p>', 'CUS7006352', '2018-12-30 03:11:12.000000');

-- --------------------------------------------------------

--
-- Cấu trúc bảng cho bảng `order`
--

CREATE TABLE `order` (
  `id_order` varchar(20) COLLATE utf8_unicode_ci NOT NULL,
  `id_customer` varchar(20) COLLATE utf8_unicode_ci NOT NULL,
  `reciever` varchar(50) COLLATE utf8_unicode_ci NOT NULL,
  `email` varchar(100) COLLATE utf8_unicode_ci NOT NULL,
  `phone_nummber` int(20) NOT NULL,
  `address_recieve` varchar(300) COLLATE utf8_unicode_ci NOT NULL,
  `date_order` date NOT NULL,
  `total_money_order` int(20) NOT NULL,
  `staff_in_charge` int(10) NOT NULL,
  `status_order` int(10) NOT NULL
) ENGINE=InnoDB DEFAULT CHARSET=utf8 COLLATE=utf8_unicode_ci ROW_FORMAT=COMPACT;

--
-- Đang đổ dữ liệu cho bảng `order`
--

INSERT INTO `order` (`id_order`, `id_customer`, `reciever`, `email`, `phone_nummber`, `address_recieve`, `date_order`, `total_money_order`, `staff_in_charge`, `status_order`) VALUES
('Friday18086584', '14', 'nguyễn anh hoàng', 'nguyenanhhoang7294@gmail.com', 987654321, ' Hồ Chí Minh', '2017-08-18', 52800, 13, 3),
('Friday18088187', '14', 'nguyễn anh hoàng', 'nguyenanhhoang7294@gmail.com', 987654321, ' Hồ Chí Minh', '2017-08-18', 163000, 13, 2),
('Friday18089443', '14', 'nguyễn anh hoàng', 'nguyenanhhoang7294@gmail.com', 987654321, ' Hồ Chí Minh', '2017-08-18', 90000, 14, 1),
('ORDER20181125ST1189', 'CUS6035763', 'Nguyễn Anh Hoàng', 'admin@gmail.com', 918098333, 'Khu tái định cư - Tiểu dân phố 2 A-  Lệ Thủy - Quảng Bình  - Việt Nam', '2018-11-25', 53650, 1, 1),
('ORDER20181125ST2171', '12', 'hoang', 'nguyenah', 9332323, 'qa', '2018-11-25', 2323232, 1, 1),
('ORDER20181125ST3161', 'CUS6035763', 'Nguyễn Anh Hoàng', 'admin@gmail.com', 918098333, 'Khu tái định cư - Tiểu dân phố 2 A-  Lệ Thủy - Quảng Bình  - Việt Nam', '2018-11-25', 53650, 1, 1),
('ORDER20181125ST3188', '12', 'hoang', 'nguyenah', 9332323, 'qa', '2018-11-25', 2323232, 1, 1),
('ORDER20181125ST3279', '12', 'hoang', 'nguyenah', 9332323, 'qa', '2018-11-25', 2323232, 1, 1),
('ORDER20181125ST3886', '12', 'hoang', 'nguyenah', 9332323, 'qa', '2018-11-25', 2323232, 1, 1),
('ORDER20181125ST3976', '-99', 'Nguyễn Anh Hoàng', 'avs@gmail.com', 988460072, 'Quảng Bình', '2018-11-25', 86400, 1, 1),
('ORDER20181125ST4157', 'CUS6035763', 'Nguyễn Anh Hoàng', 'admin@gmail.com', 918098333, 'Khu tái định cư - Tiểu dân phố 2 A-  Lệ Thủy - Quảng Bình  - Việt Nam', '2018-11-25', 53650, 1, 1),
('ORDER20181125ST4477', '12', 'hoang', 'nguyenah', 9332323, 'qa', '2018-11-25', 2323232, 1, 1),
('ORDER20181125ST4502', 'CUS6035763', 'Nguyễn Anh Hoàng', 'admin@gmail.com', 918098333, 'Khu tái định cư - Tiểu dân phố 2 A-  Lệ Thủy - Quảng Bình  - Việt Nam', '2018-11-25', 53650, 1, 1),
('ORDER20181125ST4845', '12', 'hoang', 'nguyenah', 9332323, 'qa', '2018-11-25', 2323232, 1, 1),
('ORDER20181125ST5095', '12', 'hoang', 'nguyenah', 9332323, 'qa', '2018-11-25', 2323232, 1, 1),
('ORDER20181125ST5162', 'CUS6035763', 'Nguyễn Anh Hoàng', 'admin@gmail.com', 918098333, 'Khu tái định cư - Tiểu dân phố 2 A-  Lệ Thủy - Quảng Bình  - Việt Nam', '2018-11-25', 53650, 1, 1),
('ORDER20181125ST5520', '12', 'hoang', 'nguyenah', 9332323, 'qa', '2018-11-25', 2323232, 1, 1),
('ORDER20181125ST5597', 'CUS6035763', 'Nguyễn Anh Hoàng', 'admin@gmail.com', 918098333, 'Khu tái định cư - Tiểu dân phố 2 A-  Lệ Thủy - Quảng Bình  - Việt Nam', '2018-11-25', 53650, 1, 1),
('ORDER20181125ST6062', '12', 'hoang', 'nguyenah', 9332323, 'qa', '2018-11-25', 2323232, 1, 1),
('ORDER20181125ST6267', 'CUS6035763', 'Nguyễn Anh Hoàng', 'admin@gmail.com', 918098333, 'Khu tái định cư - Tiểu dân phố 2 A-  Lệ Thủy - Quảng Bình  - Việt Nam', '2018-11-25', 53650, 1, 1),
('ORDER20181125ST6468', 'CUS6035763', 'Nguyễn Anh Hoàng', 'admin@gmail.com', 918098333, 'Khu tái định cư - Tiểu dân phố 2 A-  Lệ Thủy - Quảng Bình  - Việt Nam', '2018-11-25', 53650, 1, 1),
('ORDER20181125ST7067', 'CUS6035763', 'Nguyễn Anh Hoàng', 'admin@gmail.com', 918098333, 'Khu tái định cư - Tiểu dân phố 2 A-  Lệ Thủy - Quảng Bình  - Việt Nam', '2018-11-25', 53650, 1, 1),
('ORDER20181125ST7656', 'CUS6035763', 'Nguyễn Anh Hoàng', 'admin@gmail.com', 918098333, 'Khu tái định cư - Tiểu dân phố 2 A-  Lệ Thủy - Quảng Bình  - Việt Nam', '2018-11-25', 53650, 1, 1),
('ORDER20181125ST8115', 'CUS6035763', 'Nguyễn Anh Hoàng', 'admin@gmail.com', 918098333, 'Khu tái định cư - Tiểu dân phố 2 A-  Lệ Thủy - Quảng Bình  - Việt Nam', '2018-11-25', 53650, 1, 1),
('ORDER20181125ST8718', '12', 'hoang', 'nguyenah', 9332323, 'qa', '2018-11-25', 2323232, 1, 1),
('ORDER20181125ST9159', 'CUS6035763', 'Nguyễn Anh Hoàng', 'admin@gmail.com', 918098333, 'Khu tái định cư - Tiểu dân phố 2 A-  Lệ Thủy - Quảng Bình  - Việt Nam', '2018-11-25', 53650, 1, 1),
('ORDER20181125ST9467', 'CUS6035763', 'Nguyễn Anh Hoàng', 'admin@gmail.com', 918098333, 'Khu tái định cư - Tiểu dân phố 2 A-  Lệ Thủy - Quảng Bình  - Việt Nam', '2018-11-25', 53650, 1, 1),
('ORDER20181125ST9476', '12', 'hoang', 'nguyenah', 9332323, 'qa', '2018-11-25', 2323232, 1, 1),
('ORDER20181127ST4556', 'CUS6035763', 'Nguyễn Anh Hoàng', 'admin@gmail.com', 918098333, 'Khu tái định cư - Tiểu dân phố 2 A-  Lệ Thủy - Quảng Bình  - Việt Nam', '2018-11-27', 163000, 1, 1),
('ORDER20181127ST7608', 'CUS6035763', 'Nguyễn Anh Hoàng', 'admin@gmail.com', 918098333, 'Khu tái định cư - Tiểu dân phố 2 A-  Lệ Thủy - Quảng Bình  - Việt Nam', '2018-11-27', 28800, 1, 1),
('ORDER20181127ST7723', '-99', 'Nguyễn Anh Hoàng', 'nguyenanhhoangltqbh@gmail.com', 917073230, 'Man THiện, Hồ Chí Minh', '2018-11-27', 973800, 1, 1),
('ORDER20181129ST1070', 'CUS6035763', 'Nguyễn Anh Hoàng', 'admin@gmail.com', 918098333, 'Khu tái định cư - Tiểu dân phố 2 A-  Lệ Thủy - Quảng Bình  - Việt Nam', '2018-11-29', 24850, 1, 1),
('ORDER20181129ST1550', 'CUS6035763', 'Nguyễn Anh Hoàng', 'admin@gmail.com', 918098333, 'Khu tái định cư - Tiểu dân phố 2 A-  Lệ Thủy - Quảng Bình  - Việt Nam', '2018-11-29', 24850, 1, 1),
('ORDER20181129ST1950', 'CUS6035763', 'Nguyễn Anh Hoàng', 'admin@gmail.com', 918098333, 'Khu tái định cư - Tiểu dân phố 2 A-  Lệ Thủy - Quảng Bình  - Việt Nam', '2018-11-29', 42000, 1, 1),
('ORDER20181129ST2764', 'CUS6035763', 'Nguyễn Anh Hoàng', 'admin@gmail.com', 918098333, 'Khu tái định cư - Tiểu dân phố 2 A-  Lệ Thủy - Quảng Bình  - Việt Nam', '2018-11-29', 28800, 1, 1),
('ORDER20181129ST3272', 'CUS6035763', 'Nguyễn Anh Hoàng', 'admin@gmail.com', 918098333, 'Khu tái định cư - Tiểu dân phố 2 A-  Lệ Thủy - Quảng Bình  - Việt Nam', '2018-11-29', 27000, 1, 1),
('ORDER20181129ST4567', 'CUS6035763', 'Nguyễn Anh Hoàng', 'admin@gmail.com', 918098333, 'Khu tái định cư - Tiểu dân phố 2 A-  Lệ Thủy - Quảng Bình  - Việt Nam', '2018-11-29', 42000, 1, 1),
('ORDER20181129ST5206', 'CUS6035763', 'Nguyễn Anh Hoàng', 'admin@gmail.com', 918098333, 'Khu tái định cư - Tiểu dân phố 2 A-  Lệ Thủy - Quảng Bình  - Việt Nam', '2018-11-29', 103350, 1, 1),
('ORDER20181129ST5690', 'CUS6035763', 'Nguyễn Anh Hoàng', 'admin@gmail.com', 918098333, 'Khu tái định cư - Tiểu dân phố 2 A-  Lệ Thủy - Quảng Bình  - Việt Nam', '2018-11-29', 42000, 1, 1),
('ORDER20181129ST5825', 'CUS6035763', 'Nguyễn Anh Hoàng', 'admin@gmail.com', 918098333, 'Khu tái định cư - Tiểu dân phố 2 A-  Lệ Thủy - Quảng Bình  - Việt Nam', '2018-11-29', 40000, 1, 1),
('ORDER20181129ST9506', '-99', 'nguyen anh hoang', 'hoang@gmail.com', 933222111, 'Lệ Thủy - QUảng BÌnh', '2018-11-29', 27000, 1, 1),
('ORDER20181129ST9660', 'CUS6035763', 'Nguyễn Anh Hoàng', 'admin@gmail.com', 918098333, 'Khu tái định cư - Tiểu dân phố 2 A-  Lệ Thủy - Quảng Bình  - Việt Nam', '2018-11-29', 42000, 1, 1),
('ORDER20181202ST1042', 'CUS6035763', 'Nguyễn Anh Hoàng', 'admin@gmail.com', 918098333, 'Khu tái định cư - Tiểu dân phố 2 A-  Lệ Thủy - Quảng Bình  - Việt Nam', '2018-12-02', 980000, 1, 1),
('ORDER20181202ST2204', 'CUS6035763', 'Nguyễn Anh Hoàng', 'admin@gmail.com', 918098333, 'Khu tái định cư - Tiểu dân phố 2 A-  Lệ Thủy - Quảng Bình  - Việt Nam', '2018-12-02', 700000, 1, 1),
('ORDER20181202ST3583', 'CUS6035763', 'Nguyễn Anh Hoàng', 'admin@gmail.com', 918098333, 'Khu tái định cư - Tiểu dân phố 2 A-  Lệ Thủy - Quảng Bình  - Việt Nam', '2018-12-02', 700000, 1, 1),
('ORDER20181202ST5465', 'CUS6035763', 'Nguyễn Anh Hoàng', 'admin@gmail.com', 918098333, 'Khu tái định cư - Tiểu dân phố 2 A-  Lệ Thủy - Quảng Bình  - Việt Nam', '2018-12-02', 700000, 1, 1),
('ORDER20181202ST6052', 'CUS6035763', 'Nguyễn Anh Hoàng', 'admin@gmail.com', 918098333, 'Khu tái định cư - Tiểu dân phố 2 A-  Lệ Thủy - Quảng Bình  - Việt Nam', '2018-12-02', 700000, 1, 1),
('ORDER20181202ST7792', 'CUS6035763', 'Nguyễn Anh Hoàng', 'admin@gmail.com', 918098333, 'Khu tái định cư - Tiểu dân phố 2 A-  Lệ Thủy - Quảng Bình  - Việt Nam', '2018-12-02', 700000, 1, 1),
('ORDER20181202ST9788', 'CUS6035763', 'Nguyễn Anh Hoàng', 'admin@gmail.com', 918098333, 'Khu tái định cư - Tiểu dân phố 2 A-  Lệ Thủy - Quảng Bình  - Việt Nam', '2018-12-02', 160000, 1, 1),
('ORDER20181202ST9973', 'CUS6035763', 'Nguyễn Anh Hoàng', 'admin@gmail.com', 918098333, 'Khu tái định cư - Tiểu dân phố 2 A-  Lệ Thủy - Quảng Bình  - Việt Nam', '2018-12-02', 700000, 1, 1),
('ORDER20181203ST2792', 'CUS6035763', 'Nguyễn Anh Hoàng', 'admin@gmail.com', 918098333, 'Khu tái định cư - Tiểu dân phố 2 A-  Lệ Thủy - Quảng Bình  - Việt Nam', '2018-12-03', 155000, 1, 1),
('ORDER20181214ST1980', 'CUS6035763', 'Nguyễn Anh Hoàng', 'admin@gmail.com', 918098333, 'Khu tái định cư - Tiểu dân phố 2 A-  Lệ Thủy - Quảng Bình  - Việt Nam', '2018-12-14', 1170000, 1, 1),
('ORDER20181216ST1182', 'CUS6035763', 'Nguyễn Anh Hoàng', 'admin@gmail.com', 918098333, 'Khu tái định cư - Tiểu dân phố 2 A-  Lệ Thủy - Quảng Bình  - Việt Nam', '2018-12-16', 95000, 1, 1),
('ORDER20181216ST1326', 'CUS6035763', 'Nguyễn Anh Hoàng', 'admin@gmail.com', 918098333, 'Khu tái định cư - Tiểu dân phố 2 A-  Lệ Thủy - Quảng Bình  - Việt Nam', '2018-12-16', 700000, 1, 1),
('ORDER20181216ST2098', 'CUS6035763', 'Nguyễn Anh Hoàng', 'admin@gmail.com', 918098333, 'Khu tái định cư - Tiểu dân phố 2 A-  Lệ Thủy - Quảng Bình  - Việt Nam', '2018-12-16', 95000, 1, 1),
('ORDER20181216ST2439', 'CUS6035763', 'Nguyễn Anh Hoàng', 'admin@gmail.com', 918098333, 'Khu tái định cư - Tiểu dân phố 2 A-  Lệ Thủy - Quảng Bình  - Việt Nam', '2018-12-16', 730000, 1, 1),
('ORDER20181216ST2623', 'CUS6035763', 'Nguyễn Anh Hoàng', 'admin@gmail.com', 918098333, 'Khu tái định cư - Tiểu dân phố 2 A-  Lệ Thủy - Quảng Bình  - Việt Nam', '2018-12-16', 90000, 1, 1),
('ORDER20181216ST3049', 'CUS6035763', 'Nguyễn Anh Hoàng', 'admin@gmail.com', 918098333, 'Khu tái định cư - Tiểu dân phố 2 A-  Lệ Thủy - Quảng Bình  - Việt Nam', '2018-12-16', 700000, 1, 1),
('ORDER20181216ST3647', 'CUS6035763', 'Nguyễn Anh Hoàng', 'admin@gmail.com', 918098333, 'Khu tái định cư - Tiểu dân phố 2 A-  Lệ Thủy - Quảng Bình  - Việt Nam', '2018-12-16', 700000, 1, 1),
('ORDER20181216ST3657', 'CUS6035763', 'Nguyễn Anh Hoàng', 'admin@gmail.com', 918098333, 'Khu tái định cư - Tiểu dân phố 2 A-  Lệ Thủy - Quảng Bình  - Việt Nam', '2018-12-16', 700000, 1, 1),
('ORDER20181216ST5910', 'CUS6035763', 'Nguyễn Anh Hoàng', 'admin@gmail.com', 918098333, 'Khu tái định cư - Tiểu dân phố 2 A-  Lệ Thủy - Quảng Bình  - Việt Nam', '2018-12-16', 95000, 1, 1),
('ORDER20181216ST5989', '-99', 'Nguyễn Anh Hoàng', 'nguyenanhhoangltqbh@gmail.com', 988460072, 'Uang Binh', '2018-12-16', 155000, 1, 1),
('ORDER20181216ST7864', 'CUS6035763', 'Nguyễn Anh Hoàng', 'admin@gmail.com', 918098333, 'Khu tái định cư - Tiểu dân phố 2 A-  Lệ Thủy - Quảng Bình  - Việt Nam', '2018-12-16', 95000, 1, 1),
('ORDER20181216ST7992', 'CUS6035763', 'Nguyễn Anh Hoàng', 'admin@gmail.com', 918098333, 'Khu tái định cư - Tiểu dân phố 2 A-  Lệ Thủy - Quảng Bình  - Việt Nam', '2018-12-16', 95000, 1, 1),
('ORDER20181216ST8734', 'CUS6035763', 'Nguyễn Anh Hoàng', 'admin@gmail.com', 918098333, 'Khu tái định cư - Tiểu dân phố 2 A-  Lệ Thủy - Quảng Bình  - Việt Nam', '2018-12-16', 700000, 1, 1),
('ORDER20181216ST9204', 'CUS6035763', 'Nguyễn Anh Hoàng', 'admin@gmail.com', 918098333, 'Khu tái định cư - Tiểu dân phố 2 A-  Lệ Thủy - Quảng Bình  - Việt Nam', '2018-12-16', 95000, 1, 1),
('ORDER20181219ST3723', '-99', 'le hoang', 'hoag@gmail.com', 391239123, 'quang trị', '2018-12-19', 700000, 1, 1),
('ORDER20181219ST5291', 'CUS6035763', 'Nguyễn Anh Hoàng', 'admin@gmail.com', 918098333, 'Khu tái định cư - Tiểu dân phố 2 A-  Lệ Thủy - Quảng Bình  - Việt Nam', '2018-12-19', 95000, 1, 1),
('ORDER20181219ST5570', 'CUS6035763', 'Nguyễn Anh Hoàng', 'admin@gmail.com', 918098333, 'Khu tái định cư - Tiểu dân phố 2 A-  Lệ Thủy - Quảng Bình  - Việt Nam', '2018-12-19', 90000, 1, 1),
('ORDER20181220ST7786', 'CUS6035763', 'Nguyễn Anh Hoàng', 'admin@gmail.com', 918098333, 'Khu tái định cư - Tiểu dân phố 2 A-  Lệ Thủy - Quảng Bình  - Việt Nam', '2018-12-20', 700000, 3, 3),
('ORDER20181220ST8508', 'CUS6035763', 'Nguyễn Anh Hoàng', 'admin@gmail.com', 918098333, 'Khu tái định cư - Tiểu dân phố 2 A-  Lệ Thủy - Quảng Bình  - Việt Nam', '2018-12-20', 95000, 1, 1),
('ORDER20181220ST8570', '-99', 'Nguyễn Anh Hoàng', '1312321@gmmail.com', 988460072, 'hiag', '2018-12-20', 90000, 1, 1),
('ORDER20181220ST9102', 'CUS6035763', 'Nguyễn Anh Hoàng', 'admin@gmail.com', 918098333, 'Khu tái định cư - Tiểu dân phố 2 A-  Lệ Thủy - Quảng Bình  - Việt Nam', '2018-12-20', 195000, 1, 1),
('ORDER20181220ST9485', 'CUS6035763', 'Nguyễn Anh Hoàng', 'admin@gmail.com', 918098333, 'Khu tái định cư - Tiểu dân phố 2 A-  Lệ Thủy - Quảng Bình  - Việt Nam', '2018-12-20', 700000, 1, 1),
('ORDER20181222ST5533', 'CUS6035763', 'Nguyễn Anh Hoàng', 'admin@gmail.com', 918098333, 'Khu tái định cư - Tiểu dân phố 2 A-  Lệ Thủy - Quảng Bình  - Việt Nam', '2018-12-22', 250000, 3, 1),
('ORDER20181227ST9711', 'CUS6035763', 'Nguyễn Anh Hoàng', 'admin@gmail.com', 918098333, 'Khu tái định cư - Tiểu dân phố 2 A-  Lệ Thủy - Quảng Bình  - Việt Nam', '2018-12-27', 700000, 1, 1),
('ORDER20181229ST6324', 'CUS2694012', 'Nguyễn Anh Hoàng', 'nguyenanhhoangltqbh@gmail.com', 3, 'g', '2018-12-29', 360000, 1, 1),
('ORDER20181229ST9868', 'CUS2694012', 'Nguyễn Anh Hoàng', 'nguyenanhhoangltqbh@gmail.com', 983322222, '22 Phan Anh', '2018-12-29', 23030000, 2, 3),
('ORDER20181230ST4320', 'CUS7006352', 'anhhoang', 'nguyenanhhoang.ltqbh@gmail.com', 917987345, '94 Man thiện', '2018-12-30', 95000, 1, 1),
('Saturday12086770', '2', 'Nguyễn Văn Dũng', 'nguyenvandung@gmail.com', 1652668762, ' Lệ Ninh-Lệ Thủy-Quảng Bình', '2017-08-12', 404000, 2, 3),
('Saturday12087455', '1', 'Lê Văn Quang', 'quananh@gmail.com', 988340433, 'Quận Tân Phú - Hồ Chí Minh ', '2017-08-12', 139200, 11, 3),
('Saturday18115053', '6', 'Nguyễn Hoàng Anh', 'nguyenanhhoangltqbh@gmail.com', 988460072, ' Thị trấn Lệ Ninh- Huyện Lệ Thủy - Tỉnh Quảng BÌnh', '2017-11-18', 12750, 1, 1),
('Sunday13084211', '3', 'Nguyễn Thị Ngọc Diệu', 'nguyenthingocdieu@gmail.com', 2147483647, ' Lệ Ninh - Lệ Thủy -Quảng Bình', '2017-08-13', 261299, 8, 1),
('Sunday13087602', '4', 'Nguyễn Anh Hoàng', 'nguyenanhhoang@gmail.com', 917073230, ' Man Thiện - Phường Hiệp  Phú - Quận 9 - Hồ Chí Minh', '2017-08-13', 436900, 14, 1),
('Sunday13088127', '1', 'Nguyễn Phương Trinh', 'phuongtrinh@gmail.com', 988765789, 'Thành phố Tuyên Quang- Tuyên Quang ', '2017-08-13', 530100, 7, 3),
('Sunday13088981', '3', 'Nguyễn Thị Ngọc Diệu', 'nguyenthingocdieu@gmail.com', 2147483647, ' Lệ Ninh - Lệ Thủy -Quảng Bình', '2017-08-13', 160000, 10, 3),
('Sunday13089960', '16', 'Lê Anh Văn', 'leanhvan@gmail.com', 987733334, ' 32 Ngôn Quyền, Bình Thạnh, Hồ Chí Minh', '2017-08-13', 284100, 11, 1),
('Thursday17082171', '6', 'Nguyễn Anh Hoàng', 'nguyenanhhoangltqbh@gmail.com', 988460072, ' Thị trấn Lệ Ninh- Huyện Lệ Thủy - Tỉnh Quảng BÌnh', '2017-08-17', 218000, 7, 3),
('Thursday17086848', '17', 'Bùi Anh Linh', 'buianhtuan1983@gmail.com', 988460072, ' 94 Ô cầu dừa - Hai Bà Trưng - Hà Nội', '2017-08-17', 64000, 1, 1),
('Tuesday15083631', '4', 'Nguyễn Anh Hoàng', 'nguyenanhhoang@gmail.com', 917073230, ' Man Thiện - Phường Hiệp  Phú - Quận 9 - Hồ Chí Minh', '2017-08-15', 75000, 10, 1),
('Tuesday15084562', '2', 'Nguyễn Văn Dũng', 'nguyenvandung@gmail.com', 1652668762, ' Lệ Ninh-Lệ Thủy-Quảng Bình', '2017-08-15', 23655, 14, 1),
('Wednesday16082570', '2', 'Nguyễn Văn Dũng', 'nguyenvandung@gmail.com', 1652668762, ' Lệ Ninh-Lệ Thủy-Quảng Bình', '2017-08-16', 265600, 10, 1),
('Wednesday16089757', '2', 'Nguyễn Văn Dũng', 'nguyenvandung@gmail.com', 1652668762, ' Lệ Ninh-Lệ Thủy-Quảng Bình', '2017-08-16', 24000, 3, 1),
('Wednesday16089960', '2', 'Nguyễn Văn Dũng', 'nguyenvandung@gmail.com', 1652668762, ' Lệ Ninh-Lệ Thủy-Quảng Bình', '2017-08-16', 23655, 11, 1);

-- --------------------------------------------------------

--
-- Cấu trúc bảng cho bảng `order_status`
--

CREATE TABLE `order_status` (
  `id_status_order` int(10) NOT NULL,
  `status_name` varchar(50) COLLATE utf8_unicode_ci NOT NULL
) ENGINE=InnoDB DEFAULT CHARSET=utf8 COLLATE=utf8_unicode_ci ROW_FORMAT=COMPACT;

--
-- Đang đổ dữ liệu cho bảng `order_status`
--

INSERT INTO `order_status` (`id_status_order`, `status_name`) VALUES
(1, 'Giao hàng và thanh toán tại nhà'),
(2, 'Đã thanh toán online chờ giao hàng'),
(3, 'Giao hàng thành công');

-- --------------------------------------------------------

--
-- Cấu trúc bảng cho bảng `producer_publisher`
--

CREATE TABLE `producer_publisher` (
  `id_producer_publisher` varchar(20) COLLATE utf8_unicode_ci NOT NULL,
  `name_producer_publisher` varchar(100) COLLATE utf8_unicode_ci NOT NULL,
  `producer_publisher_describle` varchar(2000) COLLATE utf8_unicode_ci NOT NULL,
  `producer_publisher_address` varchar(200) COLLATE utf8_unicode_ci NOT NULL,
  `producer_publisher_email` varchar(100) COLLATE utf8_unicode_ci NOT NULL,
  `status` int(5) NOT NULL
) ENGINE=InnoDB DEFAULT CHARSET=utf8 COLLATE=utf8_unicode_ci ROW_FORMAT=COMPACT;

--
-- Đang đổ dữ liệu cho bảng `producer_publisher`
--

INSERT INTO `producer_publisher` (`id_producer_publisher`, `name_producer_publisher`, `producer_publisher_describle`, `producer_publisher_address`, `producer_publisher_email`, `status`) VALUES
('10XBEAUTY', '10 XBEAUTY', '<p>Nh&agrave; xuất bản Ch&iacute;nh trị quốc gia &ndash; Sự thật l&agrave; đơn vị sự nghiệp trung ương của Đảng. C&oacute; chức năng l&agrave; cơ quan xuất bản ch&iacute;nh trị của Đảng v&agrave; Nh&agrave; nước. Tổ chức bi&ecirc;n tập, xuất bản c&aacute;c s&aacute;ch ch&iacute;nh trị, l&yacute; luận v&agrave; ph&aacute;p luật. N&acirc;ng cao kiến thức của nh&acirc;n d&acirc;n về ch&iacute;nh trị, l&yacute; luận v&agrave; ph&aacute;p luật. Phục vụ sự nghiệp đổi mới v&agrave; hai nhiệm vụ chiến lược x&acirc;y dựng v&agrave; bảo vệ Tổ quốc</p>\r\n', 'Số 24 Quang Trung – Hoàn Kiếm – Hà Nội.', 'suthat@nxbctqg.vn', 0),
('MEKENHANOI', 'Mẹ Ken', '<p>- NXB Đồng Nai là đơn vị sự nghiệp có thu tự chủ toàn bộ chi phí hoạt động thường xuyên, hoạt động thuộc lĩnh vực Văn hoá - Tư tưởng thông qua việc sản xuất; phổ biến những xuất bản phẩm đến nhiều người, nhiều thành phần trong xã hội để nâng cao dân trí, đáp ứng nhu cầu đời sống tinh thần cho nhân dân, xây dựng đạo đức và lối sống tốt đẹp của Người Việt Nam, mở rộng giao lưu văn hoá, phát triển kinh tế xã hội, đấu tranh chống mọi tư tưởng và hành vi làm tổn hại đến lợi ích quốc gia, góp phần vào sự nghiệp xây dựng và bảo vệ Tổ quốc.</p>\r\n\r\n<p>- Xuất bản và phát hành các loại sách về chính trị, kinh tế, văn hoá, xã hội, giáo dục và đào tạo, khoa học và công nghệ, văn học, nghệ thuật, giới thiệu những di sản văn hoá dân tộc, tinh hoa văn hoá thế giới, sách cho thiếu nhi và nhi đồng bằng tiếng Việt, tiếng dân tộc thiểu số Việt Nam, tiếng nước ngoài và được thể hiện bằng chữ viết, hình ảnh, âm thanh v.v... trên các vật liệu, phương tiện kỹ thuật khác nhau.</p>\r\n\r\n<p>- Xuất bản và phát hành các loại văn hoá phẩm bao gồm : Các loại lịch Blốc, lịch tờ (01 và nhiều tờ), lịch để bàn, lịch sổ tay, lịch túi, các loại tranh, ảnh nghệ thuật và các loại văn hoá phẩm khác theo qui định của Nhà nước.</p>\r\n', 'Địa chỉ liên hệ: Số 1953J, đường Nguyễn Ái Quốc, P.Trung Dũng, Tp.Biên Hòa - Tỉnh Đồng Nai', 'stttt@dongnai.gov.vn', 0),
('NXBGD', 'Nhà xuất bản Giáo dục', '<p>Nh&agrave; xuất bản Gi&aacute;o dục (nay l&agrave; Nh&agrave; xuất bản Gi&aacute;o dục Việt Nam) được th&agrave;nh lập ng&agrave;y 1/6/1957.&nbsp; L&agrave; một doanh nghiệp Nh&agrave; nước trực thuộc Bộ Gi&aacute;o dục &amp; Đ&agrave;o tạo, &nbsp;Nh&agrave; xuất bản Gi&aacute;o dục c&oacute; nhiệm vụ tổ chức bi&ecirc;n soạn, bi&ecirc;n tập, in v&agrave; ph&aacute;t h&agrave;nh c&aacute;c loại s&aacute;ch gi&aacute;o khoa v&agrave; c&aacute;c sản phẩm gi&aacute;o dục phục vụ nghi&ecirc;n cứu, giảng dạy, học tập của c&aacute;c ng&agrave;nh học, bậc học trong to&agrave;n quốc; đồng thời gi&uacute;p Bộ Gi&aacute;o dục &amp; Đ&agrave;o tạo chỉ đạo c&ocirc;ng t&aacute;c thiết bị gi&aacute;o dục v&agrave; thư viện trường học tr&ecirc;n to&agrave;n quốc.</p>\r\n', 'Số 81 Trần Hưng Đạo - Hoàn Kiếm - Hà Nội', 'nxbhanoi@yahoo.com.vn', 1);

-- --------------------------------------------------------

--
-- Cấu trúc bảng cho bảng `product_info`
--

CREATE TABLE `product_info` (
  `id_product` varchar(20) COLLATE utf8_unicode_ci NOT NULL,
  `name_product` varchar(200) COLLATE utf8_unicode_ci NOT NULL,
  `name_product_no_vietnamse` varchar(200) COLLATE utf8_unicode_ci NOT NULL,
  `image_product` varchar(200) COLLATE utf8_unicode_ci NOT NULL,
  `describle_product` varchar(5000) COLLATE utf8_unicode_ci NOT NULL,
  `quantity_inventory` int(10) NOT NULL,
  `sub_catalog` varchar(20) COLLATE utf8_unicode_ci NOT NULL,
  `price_product` int(10) NOT NULL,
  `unit` varchar(20) COLLATE utf8_unicode_ci NOT NULL,
  `point_promotion` int(10) DEFAULT 0,
  `producer_publisher` varchar(20) COLLATE utf8_unicode_ci NOT NULL,
  `highlights` int(2) NOT NULL,
  `status_product` int(5) NOT NULL
) ENGINE=InnoDB DEFAULT CHARSET=utf8 COLLATE=utf8_unicode_ci ROW_FORMAT=COMPACT;

--
-- Đang đổ dữ liệu cho bảng `product_info`
--

INSERT INTO `product_info` (`id_product`, `name_product`, `name_product_no_vietnamse`, `image_product`, `describle_product`, `quantity_inventory`, `sub_catalog`, `price_product`, `unit`, `point_promotion`, `producer_publisher`, `highlights`, `status_product`) VALUES
('01', 'BỘT CÀ RỐT / 100gr', 'bot_ca_rot_100gr', 'bot_ca_rot_100gr.jpg', '<ul>\r\n	<li>Nguy&ecirc;n liệu tươi, sạch từ trang trại nguy&ecirc;n liệu sạch MẸ KEN, được sấy lạnh để giữ được tối đa vitamin v&agrave; xay nhuyễn th&agrave;nh dạng bột.</li>\r\n	<li>*C&Ocirc;NG DỤNG:</li>\r\n	<li>- Mặt nạ dưỡng da</li>\r\n	<li>- L&agrave;m thực phẩm chức năng, l&agrave;m thuốc, l&agrave;m thức uống, pha sữa, bột ăn dặm cho trẻ em ,l&agrave;m b&aacute;nh v&agrave; rau c&acirc;u</li>\r\n	<li>⏳* HẠN D&Ugrave;NG: 9 th&aacute;ng kể từ ng&agrave;y sản xuất Fanpage: V&igrave; t&ocirc;i đẹp</li>\r\n</ul>\r\n', 10, 'nuoc_uong_dinh_duong', 160000, 'Gói', 0, 'MEKENHANOI', 1, 1),
('02', 'BỘT TRÀ XANH NGUYÊN CHẤT MẸ KEN / 100gr', 'bot_tra_xanh_nguyen_chat_me_ken_100gr', 'bot_tra_xanh_nguyen_chat_me_ken_100gr.jpg', '<p>L&aacute; tr&agrave; được trồng ở qu&ecirc;, kh&ocirc;ng phun thuốc, được ch&iacute;nh tay MẸ KEN lựa chọn Sửa rạch, ng&acirc;m muối Phơi kh&ocirc; xay th&agrave;nh bột *C&Ocirc;NG DỤNG: - L&agrave;m giảm mụn liti, mụn bọc cho da dầu, s&aacute;ng da - Se lỗ ch&acirc;n l&ocirc;ng - Chống nhăn, cho da tươi trẻ - L&agrave;m giảm th&acirc;m v&ugrave;ng bầu mắt, th&acirc;m quầng mắt - Pha để uống - L&agrave;m b&aacute;nh. rau c&acirc;u *C&Aacute;CH D&Ugrave;NG: 1. L&agrave;m giảm mụn liti, mụn bọc cho da dầu, s&aacute;ng da: 2 th&igrave;a bột tr&agrave; xanh + 4 th&igrave;a sữa chua kh&ocirc;ng đường, đắp mặt trong v&ograve;ng 20 ph&uacute;t v&agrave; rửa lại với nước ấm. Tuần 2-3 lần. 2. Se lỗ ch&acirc;n l&ocirc;ng: một th&igrave;a bột tr&agrave; xanh + 2 th&igrave;a nước, h&ograve;a tan v&agrave;o nhau v&agrave; đợi trong 5 ph&uacute;t. Tiếp tục cho nước v&agrave;o hỗn hợp v&agrave; trộn đều cho đến khi n&oacute; trở th&agrave;nh một hỗn hợp nh&atilde;o. Đắp hỗn hợp l&ecirc;n da 1h rồi rửa sạch bằng nước. Tuần 2-3 lần. 3. Chống nhăn, cho da tươi trẻ: Trộn 1 th&igrave;a c&aacute;m gạo với 1 th&igrave;a bột tr&agrave; xanh, c&oacute; thể th&ecirc;m ch&uacute;t l&ograve;ng đỏ trứng g&agrave;, đắp mặt nạ 20 ph&uacute;t rồi rửa lại với nước m&aacute;t. Tuần 2-3 lần. 4. L&agrave;m toner bột tr&agrave; xanh: Trộn 2 th&igrave;a bột tr&agrave; xanh v&agrave; 1/2 cốc nước sạch, khuấy đều v&agrave; cho v&agrave;o lọ xịt để v&agrave;o tủ lạnh d&ugrave;ng dưới 5 ng&agrave;y. Mỗi ng&agrave;y, sau khi rửa mặt, d&ugrave;ng toner để xịt l&ecirc;n da. Loại tonet n&agrave;y c&oacute; c&ocirc;ng thức rất dịu nhẹ, gi&uacute;p se lỗ ch&acirc;n l&ocirc;ng v&agrave; ph&ograve;ng chống tia UV. 5. C&aacute;ch l&agrave;m giảm th&acirc;m v&ugrave;ng bầu mắt, th&acirc;m quầng mắt: Trộn 1 th&igrave;a bột tr&agrave; xanh với một b&aacute;t nước lọc nhỏ, thả 1 vi&ecirc;n đ&aacute; v&agrave;o. D&ugrave;ng miếng b&ocirc;ng g&ograve;n tẩy trang thấm v&agrave;o hỗn hợp v&agrave; đắp l&ecirc;n hai bầu mắt 30phut mỗi ng&agrave;y. C&aacute;ch n&agrave;y sẽ gi&uacute;p bạn kh&ocirc;ng c&ograve;n lo lắng khi c&ocirc;ng việc hay th&oacute;i quen thường xuy&ecirc;n phải thức khuya nữa nh&eacute;. ♻*BẢO QUẢN: b&ecirc;n ngo&agrave;i nhiệt độ thường, tr&aacute;nh ẩm ⏳*HẠN D&Ugrave;NG: 9 th&aacute;ng kể từ ng&agrave;y sản xuất Fanpage: V&igrave; t&ocirc;i đẹp</p>\r\n<ul>\r\n	<li>L&aacute; tr&agrave; được trồng ở qu&ecirc;, kh&ocirc;ng phun thuốc, được ch&iacute;nh tay MẸ KEN lựa chọn</li>\r\n	<li>Sửa rạch, ng&acirc;m muối</li>\r\n	<li>Phơi kh&ocirc; xay th&agrave;nh bột</li>\r\n	<li>*C&Ocirc;NG DỤNG:</li>\r\n	<li>- L&agrave;m giảm mụn liti, mụn bọc cho da dầu, s&aacute;ng da</li>\r\n	<li>- Se lỗ ch&acirc;n l&ocirc;ng</li>\r\n	<li>- Chống nhăn, cho da tươi trẻ</li>\r\n	<li>- L&agrave;m giảm th&acirc;m v&ugrave;ng bầu mắt, th&acirc;m quầng mắt</li>\r\n	<li>- Pha để uống</li>\r\n	<li>- L&agrave;m b&aacute;nh. rau c&acirc;u</li>\r\n	<li>*C&Aacute;CH D&Ugrave;NG:</li>\r\n	<li>1. L&agrave;m giảm mụn liti, mụn bọc cho da dầu, s&aacute;ng da: 2 th&igrave;a bột tr&agrave; xanh + 4 th&igrave;a sữa chua kh&ocirc;ng đường, đắp mặt trong v&ograve;ng 20 ph&uacute;t v&agrave; rửa lại với nước ấm. Tuần 2-3 lần.</li>\r\n</ul>\r\n', 50, 'cham_soc_da_mat', 90000, 'gói', 0, 'MEKENHANOI', 0, 0),
('03', 'BỘT RAU MÁ NGUYÊN CHẤT / 100gr\r\n', 'bot_rau_ma_nguyen_chat_100gr', 'bot_rau_ma_nguyen_chat_100gr.jpg', '<ul>\r\n	<li>*C&Aacute;CH D&Ugrave;NG:</li>\r\n	<li>D&ugrave;ng để đắp mặt v&agrave; pha với nước v&agrave; th&ecirc;m dường để uống t&ugrave;y theo khẩu vị hoặc nấu ch&aacute;o cho trẻ ăn dặm</li>\r\n	<li>♻*BẢO QUẢN: nơi kh&ocirc; r&aacute;o, tho&aacute;ng m&aacute;t, tr&aacute;nh ẩm v&agrave; tr&aacute;nh &aacute;nh nắng chiếu trực tiếp v&agrave;o sản phẩm</li>\r\n	<li>⏳*HẠN D&Ugrave;NG: 9 th&aacute;ng Fanpage: V&igrave; t&ocirc;i đẹp</li>\r\n	<li>*C&Aacute;CH D&Ugrave;NG:</li>\r\n	<li>D&ugrave;ng để đắp mặt v&agrave; pha với nước v&agrave; th&ecirc;m dường để uống t&ugrave;y theo khẩu vị hoặc nấu ch&aacute;o cho trẻ ăn dặm</li>\r\n	<li>♻*BẢO QUẢN: nơi kh&ocirc; r&aacute;o, tho&aacute;ng m&aacute;t, tr&aacute;nh ẩm v&agrave; tr&aacute;nh &aacute;nh nắng chiếu trực tiếp v&agrave;o sản phẩm</li>\r\n	<li>⏳*HẠN D&Ugrave;NG: 9 th&aacute;ng Fanpage: V&igrave; t&ocirc;i đẹp</li>\r\n</ul>\r\n', 50, 'cham_soc_da_mat', 140000, 'gói', 0, '10XBEAUTY', 0, 0),
('04', 'BỘT DIẾP CÁ NGUYÊN CHẤT/ 100gr', 'bot_diep_ca_nguyen_chat_100gr', 'bot_diep_ca_nguyen_chat_100gr.jpg', '<p>*TH&Agrave;NH PHẦN: 100% từ diếp c&aacute; qu&ecirc; sạch.<br />\r\n*C&Ocirc;NG DỤNG:<br />\r\n- Diếp c&aacute; ngo&agrave;i l&agrave; thực phẩm c&oacute; thể ăn hằng ng&agrave;y, uống thanh lọc cơ thể, giải độc, m&aacute;t gan c&ograve;n được xem l&agrave; kh&aacute;ng sinh kh&aacute;ng khuẩn cao. Gi&uacute;p l&agrave;nh vết tổn thương, mụn, nhọt, vết th&acirc;m mụn. Đắp mặt đẹp da.<br />\r\nNgo&agrave;i ra c&ograve;n d&ugrave;ng để nấu ch&aacute;o cho b&eacute; ăn dặm<br />\r\n*C&Aacute;CH D&Ugrave;NG :<br />\r\n- Uống thanh lọc cơ thể m&aacute;t gan: pha 1-2 muỗng ca phe bột diếp c&aacute; với nước, th&ecirc;m đường đ&aacute; tuỳ khẩu vị<br />\r\n- Mặt nạ giảm mụn, th&acirc;m mụn: pha 1-2 muỗng c&agrave; ph&ecirc; bột diếp c&aacute; với sữa tươi, đắp mặt 15 ph&uacute;t rồi rửa lại với nước sạch.<br />\r\n- Mặt nạ trắng da: pha 1-2 muỗng c&agrave; ph&ecirc; bột với sữa tươi v&agrave; 1 th&igrave;a c&agrave; ph&ecirc; mật ong hoặc dầu dừa, dầu &ocirc; liu. Đắp 15 ph&uacute;t v&agrave; rửa lại với nước sạch.<br />\r\n♻*BẢO QUẢN: nơi kh&ocirc; r&aacute;o, tho&aacute;ng m&aacute;t, tr&aacute;nh ẩm v&agrave; tr&aacute;nh &aacute;nh nắng chiếu trực tiếp v&agrave;o sản phẩm<br />\r\n⏳*HẠN D&Ugrave;NG: 9 th&aacute;ng Fanpage: V&igrave; t&ocirc;i đẹp</p>\r\n', 50, 'nuoc_uong_dinh_duong', 140000, 'gói', 0, 'MEKENHANOI', 0, 1),
('05', 'BỘT ĐẬU ĐỎ NGUYÊN CHẤT MẸ KEN', 'bot_dau_do_nguyen_chat_me_ken', 'bot_dau_do_nguyen_chat_me_ken.jpg', '<ul>\r\n	<li>Rang xay ho&agrave;n to&agrave;n bằng phương ph&aacute;p thủ c&ocirc;ng.</li>\r\n	<li>Kh&ocirc;ng h&oacute;a chất</li>\r\n	<li>Kh&ocirc;ng chất bảo quản</li>\r\n	<li>*C&Ocirc;NG DỤNG:</li>\r\n	<li>- Tắm trắng, l&agrave;m s&aacute;ng da, tẩy tế b&agrave;o chết</li>\r\n	<li>- L&agrave;m b&aacute;nh</li>\r\n	<li>♻*BẢO QUẢN: b&ecirc;n ngo&agrave;i nhiệt độ thường, tr&aacute;nh ẩm</li>\r\n	<li>⏳*HẠN D&Ugrave;NG: 9 th&aacute;ng kể từ ng&agrave;y sản xuất</li>\r\n</ul>', 50, 'nuoc_uong_dinh_duong', 140000, 'gói', 0, 'MEKENHANOI', 0, 1),
('06', 'BỘT BƠ SÁP MẸ KEN / 100gr', 'bot-bo_sap_me_ken_100gr', 'bot-bo_sap_me_ken_100gr.jpg', '<ul>\r\n	<li>*NGUY&Ecirc;N LIỆU: ho&agrave;n to&agrave;n từ thịt bơ s&aacute;p 100% sạch</li>\r\n	<li>*C&Ocirc;NG DỤNG:</li>\r\n	<li>- Trắng da</li>\r\n	<li>- Hổ trợ cấp ẩm</li>\r\n	<li>- Điều trị n&aacute;m</li>\r\n	<li>- Chống l&atilde;o ho&aacute;</li>\r\n	<li>- Ủ t&oacute;c, hổ trợ ức chế mụn.... Fanpage: V&igrave; t&ocirc;i đẹp</li>\r\n</ul>\r\n', 50, 'cham_soc_da_mat', 240000, 'gói', 0, 'MEKENHANOI', 1, 1),
('07', 'BỘT KHOAI TÂY NGUYÊN CHẤT MẸ KEN / 100gr', 'bot_khoai_tay_nguyen_chat_me_ken_100gr', 'bot_khoai_tay_nguyen_chat_me_ken_100gr.jpg', '<ul>\r\n	<li>BỘT KHOAI T&Acirc;Y NGUY&Ecirc;N CHẤT 100% MẸ KEN được xay ra từ những củ KHOAI T&Acirc;Y Đ&Agrave; LẠT, củ nhỏ tr&ograve;n kh&ocirc;ng đều, mới kh&ocirc;ng mầm, được gọt sạch vỏ, rửa bằng nước muối cho sạch mủ v&agrave; cắt phơi kh&ocirc;, ...</li>\r\n	<li>*C&Ocirc;NG DỤNG :</li>\r\n	<li>- Khoai t&acirc;y chứa nhiều vitamin, kho&aacute;ng chất v&agrave; vitamin C, ...</li>\r\n	<li>- Gi&uacute;p da trắng s&aacute;ng, trắng hồng</li>\r\n	<li>- L&agrave;m giảm t&agrave;n nhanh, trứng c&aacute;, sạm da v&agrave; NGĂN NGỪA L&Atilde;O H&Oacute;A</li>\r\n	<li>- L&agrave;m giảm th&acirc;m mắt hiệu quả</li>\r\n	<li>- L&agrave;m se lỗ ch&acirc;n l&ocirc;ng v&agrave; mịn da.</li>\r\n	<li>- Đối với DA NHỜN, khoai t&acirc;y c&ograve;n g&oacute;p phần tiết chế qu&aacute; tr&igrave;nh h&igrave;nh th&agrave;nh b&atilde; nhờn, chăm s&oacute;c da tốt hơn</li>\r\n	<li>- Nấu ch&aacute;o cho b&eacute;.</li>\r\n	<li>*C&Aacute;CH D&Ugrave;NG : Đắp mặt nạ, đ&aacute;p mắt hoặc nấu ch&aacute;o cho b&eacute; ăn. Fanpage: V&igrave; t&ocirc;i đẹp</li>\r\n</ul>', 50, 'cham_soc_da_mat', 140000, 'gói', 0, 'MEKENHANOI', 1, 1),
('08', 'CHÈ DÂY RỪNG NGUYÊN CHẤT MẸ KEN / 1kg', 'che_day_rung_nguyen_chat_me_ken_1kg', 'che_day_rung_nguyen_chat_me_ken_1kg.jpg', '<ul>\r\n	<li>*THẢNH PHẦN: l&aacute; ch&egrave; d&acirc;y rừng. Được khai th&aacute;c 100% từ rừng n&uacute;i cao. Sau khi được sơ chế lấy l&aacute;, l&agrave;m sạch, phơi kh&ocirc;, l&aacute; ch&egrave; d&acirc;y rừng sẽ được sao v&agrave;ng hạ thổ để khử hỏa độc, hạ dương kh&iacute; của thuốc, tăng &acirc;m kh&iacute; của đất gi&uacute;p &acirc;m dương h&ograve;a hợp, điều h&ograve;a &acirc;m dương.</li>\r\n	<li>*C&Ocirc;NG DỤNG: Theo Đ&ocirc;ng y ch&egrave; d&acirc;y rừng gi&uacute;p giảm vi&ecirc;m dạ d&agrave;y t&aacute; tr&agrave;ng như vi&ecirc;m hang vị, vi&ecirc;m trợt, vi&ecirc;m ni&ecirc;n mạc dạ d&agrave;y, vi&ecirc;m t&aacute; tr&agrave;ng. Giảm l&agrave;nh vết lo&eacute;t dạ d&agrave;y, lo&eacute;t t&aacute; tr&agrave;ng, lo&eacute;t k&egrave;m vi&ecirc;m dạ d&agrave;y t&aacute; tr&agrave;ng. Kh&aacute;ng khuẩn l&agrave;m sạch vi khuẩn HP dạ d&agrave;y, g&acirc;y vi&ecirc;m lo&eacute;t xung huyết, kết luận HP dương t&iacute;nh dạ d&agrave;y. Giảm tr&agrave;o ngược dạ d&agrave;y thực quản, rối loạn axit. Ăn uống k&eacute;m, ti&ecirc;u ho&aacute; k&eacute;m. An thần, dễ ngủ. Thanh nhiệt, m&aacute;t gan, giải độc, sạch miệng, nhuận trường,&hellip;</li>\r\n	<li>*C&Aacute;CH D&Ugrave;NG: Lấy một lượng vừa đủ nấu hoặc h&atilde;m nước để uống thay nước h&agrave;ng ng&agrave;y. N&ecirc;n uống trong v&ograve;ng 24 giờ sau khi nấu.</li>\r\n	<li>♻*BẢO QUẢN: Nơi kh&ocirc; r&aacute;o, tho&aacute;ng m&aacute;t v&agrave; tr&aacute;nh ẩm</li>\r\n	<li>⏳*HSD: 24 th&aacute;ng</li>\r\n	<li>*LƯU &Yacute;: T&aacute;c dụng của Ch&egrave; d&acirc;y cũng c&oacute; thể thay đổi t&ugrave;y v&agrave;o cơ địa của từng người n&ecirc;n c&oacute; người d&ugrave;ng sẽ rất nhanh khỏi nhưng cũng c&oacute; người l&acirc;u khỏi v&agrave; c&oacute; người kh&ocirc;ng hợp. Fanpage: V&igrave; t&ocirc;i đẹp</li>\r\n</ul>', 50, 'nuoc_uong_dinh_duong', 170000, 'gói', 0, 'NXBGD', 1, 1),
('09', 'BỘT CỦ DỀN / 100gr', 'bot_cu_den_100gr', 'bot_cu_den_100gr.jpg', '<ul>\r\n	<li>Được chọn lọc từ những củ dền tươi, sạch từ trang trại nguy&ecirc;n liệu sạch MẸ KEN, được sấy lạnh để giữ được tối đa vitamin v&agrave; xay nhuyễn th&agrave;nh dạng bột.</li>\r\n	<li>*C&Ocirc;NG DỤNG:</li>\r\n	<li>- L&agrave;m s&aacute;ng hồng da,</li>\r\n	<li>- L&agrave;m giảm th&acirc;m mặt, mắt</li>\r\n	<li>- Nguy&ecirc;n liệu nấu ch&aacute;o cho b&eacute;</li>\r\n	<li>⏳*HẠN D&Ugrave;NG: 9 th&aacute;ng kể từ ng&agrave;y sản xuất Fanpage: V&igrave; t&ocirc;i đẹp</li>\r\n</ul>\r\n', 50, 'nuoc_uong_dinh_duong', 190000, 'gói', 0, 'MEKENHANOI', 1, 1),
('10', 'MẦM ĐẬU NÀNH MẸ KEN / 500gr', 'mam_dau_nanh_me_ken_500gr', 'mam_dau_nanh_me_ken_500gr.jpg', '<ul>\r\n	<li>Trong MẦM ĐẬU N&Agrave;NH c&oacute; chứa nhiều hoạt chất Isoflavone, được mệnh danh l&agrave; estrogen thảo dược gi&uacute;p c&acirc;n bằng nội tiết tố nữ, giải quyết được c&aacute;c triệu chứng về sức khỏe trong giai đoạn tiền m&atilde;n kinh v&agrave; m&atilde;n kinh của phụ nữ, giữ được n&eacute;t thanh xu&acirc;n d&agrave;i l&acirc;u cho chị em phụ nữ. V&igrave; vậy MẦM ĐẬU N&Agrave;NH được biết đến như l&agrave; &ldquo;thần dược&rdquo; của phụ nữ</li>\r\n	<li>*TH&Agrave;NH PHẦN:</li>\r\n	<li>- Đậu qu&ecirc; sạch, (nguy&ecirc;n vỏ chưa qua c&aacute;n).</li>\r\n	<li>- Đất ươm được l&agrave;m sạch v&agrave; trộn lẫn b&aacute;nh m&egrave; đen hay c&ograve;n gọi l&agrave; b&atilde; m&egrave; đen gi&agrave;u chất dinh dưỡng gi&uacute;p đất m&agrave;u mỡ tự nhi&ecirc;n ( b&atilde; m&egrave; đen khi Mẹ Ken &eacute;p dầu m&egrave; đen)</li>\r\n	<li>- Thu hoạch, l&agrave;m sạch, sấy lạnh v&agrave; xay</li>\r\n	<li>--&gt; TH&Agrave;NH PHẨM SẠCH 100%, KH&Ocirc;NG PHA TRỘN, KH&Ocirc;NG CHẤT BẢO QUẢN HAY HO&Aacute; CHẤT.</li>\r\n	<li>*C&Ocirc;NG DỤNG:</li>\r\n	<li>- Nở nang v&agrave; săn chắc v&ograve;ng 1</li>\r\n	<li>- Tăng cường ham muốn, tăng cường sinh l&yacute; nữ, giảm kh&ocirc; hạn v&ugrave;ng tam gi&aacute;c mật</li>\r\n	<li>- Gi&uacute;p khắc phục t&igrave;nh trạng da nhăn, kh&ocirc;, sạm, trả lại cho phụ nữ l&agrave;n da căng mịn, đ&agrave;n hồi, trắng s&aacute;ng, ngừa n&aacute;m m&aacute; v&agrave; t&agrave;n nhang</li>\r\n	<li>- Ph&ograve;ng ngừa ung thư v&agrave; thay đổi nội tiết tiền m&atilde;n kinh</li>\r\n	<li>- Gi&uacute;p cơ thể phụ nữ mềm mại, nữ t&iacute;nh</li>\r\n	<li>- Bổ sung canxi v&agrave; ph&ograve;ng ngừa lo&atilde;ng xương</li>\r\n	<li>*C&Aacute;CH SỬ DỤNG</li>\r\n	<li>Pha với sữa tươi hoặc nước ấm 2 - 3 t&igrave;a cho 1 ly mỗi ng&agrave;y, an to&agrave;n cho tất cả mọi người.</li>\r\n	<li>Ri&ecirc;ng b&agrave; bầu v&agrave; trẻ em n&ecirc;n giảm liều lượng 02 ly mỗi ng&agrave;y l&agrave; hợp l&yacute;</li>\r\n	<li>⏳*HSD: 12 th&aacute;ng kể từ ng&agrave;y sản xuất Fanpage: V&igrave; t&ocirc;i đẹp</li>\r\n</ul>\r\n', 50, 'nuoc_uong_dinh_duong', 260000, 'gói', 0, 'MEKENHANOI', 1, 1),
('100', 'KEM DƯỠNG BODY GẤC HẢO HẠNG MẸ KEN / 200ml', 'kem_duong_body_gac_hao_hang_me_ken_200ml', 'kem_duong_body_gac_hao_hang_me_ken_200ml.jpg', '<ul>\r\n	<li>*TH&Agrave;NH PHẦN: Ngọc trai, collagen, vitamin E, C, B12, dầu c&aacute;m gạo, chiết xuất tr&agrave; xanh, bạc h&agrave;, chiết xuất c&ocirc; đặc từ Gấc...v&agrave; c&aacute;c tinh chất thi&ecirc;n nhi&ecirc;n kh&aacute;c</li>\r\n	<li>*C&Ocirc;NG DỤNG:</li>\r\n	<li>- S&aacute;ng hồng da, rất tốt cho da sau khi tắm trắng, lột da gi&uacute;p da body c&acirc;n bằng trở lại sau khi đ&atilde; sử dụng h&oacute;a chất.</li>\r\n	<li>- Dưỡng da hằng ng&agrave;y gi&uacute;p da cơ thể s&aacute;ng hồng mịn mướt r&otilde; rệt, k&eacute;o d&agrave;i tuổi thanh xu&acirc;n cho l&agrave;n da</li>\r\n	<li>- Da của bạn sẽ săn chắc hơn, mềm mại, căng mịn hơn l&agrave;m mờ dần c&aacute;c vết rạn, chảy xệ v&ugrave;ng bụng. Chống v&agrave; l&agrave;m giảm rạn da rất hiệu quả</li>\r\n	<li>- Chứa tinh chất chống nắng tự nhi&ecirc;n</li>\r\n	<li>- Tinh thể bạc h&agrave; m&aacute;t lạnh thẩm thấu tốt, kh&ocirc;ng g&acirc;y bết d&iacute;nh</li>\r\n	<li>- L&agrave;n da của bạn sẽ mềm mịn, độ ẩm c&acirc;n bằng sau 10p thoa kem</li>\r\n	<li>- V&igrave; chứa th&agrave;nh phần ho&agrave;n to&agrave;n thi&ecirc;n nhi&ecirc;n n&ecirc;n an to&agrave;n cho phụ nữ c&oacute; thai v&agrave; cho con b&uacute;</li>\r\n	<li>*C&Aacute;CH D&Ugrave;NG: thoa 1 lần/ng&agrave;y. Chống nắng để c&oacute; kết quả tốt</li>\r\n	<li>♻*BẢO QUẢN: ngăn m&aacute;t tủ lạnh hoặc nhiệt độ m&aacute;t dưới 30 đ&ocirc; C.</li>\r\n	<li>⏳*HẠN D&Ugrave;NG: 1 năm từ ng&agrave;y sản xuất</li>\r\n	<li>*LƯU &Yacute;: N&ecirc;n d&ugrave;ng kết hợp TẨY TẾ B&Agrave;O CHẾT L&Aacute;NG MỊN BODY THI&Ecirc;N NHI&Ecirc;N MẸ KEN để đạt hiệu quả tối ưu Fanpage: V&igrave; t&ocirc;i đẹp</li>\r\n</ul>\r\n', 50, 'cham_soc_da_mat', 375000, 'hủ', 0, 'MEKENHANOI', 1, 1),
('101', 'DẦU GẤC NGUYÊN CHẤT MẸ KEN / 500ml', 'dau_gac_nguyen_chat_me_ken_500ml', 'dau_gac_nguyen_chat_me_ken_500ml.jpg', '<ul>\r\n	<li>*TH&Agrave;NH PHẦN: gấc tươi, dầu &ocirc; liu nguy&ecirc;n chất</li>\r\n	<li>*C&Ocirc;NG DỤNG:</li>\r\n	<li>Dầu gấc c&oacute; chứa Vitamin E, vitamin A, Lycopene, nhiều chất b&eacute;o thực vật như Oleic v&agrave; c&aacute;c vi chất dinh dưỡng cần thiết cho cơ thể con người, dầu gấc c&oacute; t&aacute;c dụng rất tốt cho sức khỏe, gi&uacute;p l&agrave;m giảm lượng LDL Cholesterol, chống bị xơ vỡ động mạch v&agrave; l&agrave;m bền th&agrave;nh mạch, chống tai biến. Khi sử dụng dầu gấc l&agrave;m gia vị cho c&aacute;c m&oacute;n ăn, kh&ocirc;ng chỉ l&agrave;m cho m&oacute;n ăn ngon hơn, hấp dẫn hơn m&agrave; c&ograve;n chống t&aacute;o bọn, rất tốt cho hệ ti&ecirc;u h&oacute;a. M&agrave;ng của quả gấc c&oacute; chứa Beta-carotene, lượng Beta-carotene c&oacute; t&aacute;c dụng gi&uacute;p chống &ocirc; xy h&oacute;a mạnh v&agrave; c&oacute; khả năng tăng cường sức đề kh&aacute;ng cho cơ thể</li>\r\n	<li>*C&Aacute;CH D&Ugrave;NG : D&ugrave;ng để nấu ăn v&agrave; cho v&agrave;o ch&aacute;o ăn dặm cho trẻ.</li>\r\n	<li>♻*BẢO QUẢN: nơi kh&ocirc; r&aacute;o, tho&aacute;ng m&aacute;t hoặc nhiệt độ dưới 30 độ C</li>\r\n	<li>⏳*HSD: 12 th&aacute;ng kể từ ng&agrave;y sản xuất</li>\r\n</ul>\r\n', 50, 'cham_soc_da_mat', 190000, 'lọ', 0, 'MEKENHANOI', 1, 1),
('102', 'TINH DẦU THIÊN NHIÊN GIẢM BÉO ƯU VIỆT MẸ KEN / 100ml', 'tinh_dau_thien_nhien_giam_beo_uu_viet_me_ken_100ml', 'tinh_dau_thien_nhien_giam_beo_uu_viet_me_ken_100ml.jpg', '<ul>\r\n	<li>B&Iacute; QUYẾT EO THON D&Aacute;NG ĐẸP</li>\r\n	<li>C&ocirc;ng thức 100% tự nhi&ecirc;n</li>\r\n	<li>Chất lượng được kiểm nghiệm Bộ Y Tế Việt Nam</li>\r\n	<li>Hương vị quế thơm m&aacute;t, giảm mỡ l&agrave;nh mạnh, thanh lọc cơ thể</li>\r\n	<li>Cực kỳ tốt cho sức khỏe, duy tr&igrave; l&acirc;u d&agrave;i sẽ mờ vết rạn ở bụng, đ&ugrave;i(nếu c&oacute;), l&agrave;m s&aacute;ng da v&agrave; săn chắc. Tinh chất tỏi trị đầy bụng nữa đấy.</li>\r\n	<li>Trẻ em b&eacute;o ph&igrave; v&agrave; mẹ sau sinh d&ugrave;ng đc lu&ocirc;n nha, an to&agrave;n- hiệu quả.</li>\r\n	<li>Sử dụng k&egrave;m đai quấn n&oacute;ng sẽ tăng th&ecirc;m hi&ecirc;u quả đ&aacute;nh tan mỡ thừa c&acirc;c ban nh&eacute;</li>\r\n	<li>*C&Aacute;CH SỬ DỤNG:</li>\r\n	<li>Tắm sạch v&agrave; lau kh&ocirc; cơ thể. Sử dụng tinh dầu giảm c&acirc;n massage đều l&ecirc;n c&aacute;c v&ugrave;ng muốn giảm mỡ như bụng, đ&ugrave;i, bắp ch&acirc;n, bắp tay...</li>\r\n	<li>Massage nhẹ nh&agrave;ng trong v&ograve;ng 5-10 ph&uacute;t v&agrave; d&ugrave;ng m&aacute;y heating pad quấn bụng để c&oacute; hiệu quả cao nhất.</li>\r\n	<li>Sau 10 ng&agrave;y cảm nhận r&otilde; rệt sự thay đổi. Sau 1 th&aacute;ng giảm 3-10cm tuỳ cơ địa. Kết hợp với ăn uống khoa học để c&oacute; kết quả cao nhất.</li>\r\n	<li>♻*BẢO QUẢN: b&ecirc;n ngo&agrave;i nơi tho&aacute;ng m&aacute;t</li>\r\n	<li>⏳*HẠN D&Ugrave;NG: 1 năm kể từ ng&agrave;y mở nắp Fanpage: V&igrave; t&ocirc;i đẹp</li>\r\n</ul>\r\n', 50, 'cham_soc_da_mat', 285000, 'lọ', 0, 'MEKENHANOI', 1, 1),
('11', 'TRỨNG GÀ HẠ THỔ MẸ KEN / 100ml', 'trung_ga_ha_tho_me_ken_100ml', 'trung_ga_ha_tho_me_ken_100ml.jpg', '<ul>\r\n	<li>*GI&Aacute;:</li>\r\n	<li>100ml: 160.000/hủ</li>\r\n	<li>500ml: 650.000/hủ</li>\r\n	<li>1 l&iacute;t: 1.200.000/hủ</li>\r\n	<li>L&agrave; loại mặt nạ si&ecirc;u l&agrave;nh t&iacute;nh v&agrave; ph&ugrave; hợp với c&aacute;c loại da. Mịn mướt ngay sau khi đắp.</li>\r\n	<li>*TH&Agrave;NH PHẦN: L&ograve;ng đỏ trứng g&agrave;, mật ong rừng, bột s&acirc;m, bột tam thất, bột ngải cứu v&agrave; một số dược liệu qu&yacute;. Được ng&acirc;m hạ thổ đủ 100 ng&agrave;y.</li>\r\n	<li>*C&Ocirc;NG DỤNG: ngừa n&aacute;m, t&agrave;n nhang, ngừa mụn, trắng da, mịn hồng da, d&ugrave;ng để x&ocirc;ng hơ sau sinh, uống đẹp da.</li>\r\n	<li>*C&Aacute;CH D&Ugrave;NG:</li>\r\n	<li>- D&ugrave;ng x&ocirc;ng hơ sau sinh.</li>\r\n	<li>- Đắp mặt dưỡng trắng, mịn da: đắp khoảng 30 &ndash; 45&rsquo; rồi rửa nhẹ nh&agrave;ng bằng nước sạch 70%</li>\r\n	<li>- Uống đẹp da: Uống h&agrave;ng ng&agrave;y, 20ml/lần.</li>\r\n	<li>♻*BẢO QUẢN: ở nhiệt độ thường, nơi kh&ocirc; r&aacute;o, tho&aacute;ng m&aacute;t.</li>\r\n	<li>⏳*HSD: 18 th&aacute;ng Fanpage: V&igrave; t&ocirc;i đẹp</li>\r\n</ul>\r\n', 53, 'cham_soc_da_mat', 160000, 'lọ', 0, 'MEKENHANOI', 1, 1),
('12', 'BỘT BÍ ĐAO MẸ KEN / 100gr', 'bot_bi_dao_me_ken_100gr', 'bot_bi_dao_me_ken_100gr.jpg', '<ul>\r\n	<li>Nguy&ecirc;n liệu tươi, sạch từ trang trại nguy&ecirc;n liệu sạch MẸ KEN, được sấy lạnh để giữ được tối đa vitamin v&agrave; xay nhuyễn th&agrave;nh dạng bột.</li>\r\n	<li>*C&Ocirc;NG DỤNG:</li>\r\n	<li>- Mặt nạ dưỡng da: gi&uacute;p da s&aacute;ng hồng, l&agrave;m giảm th&acirc;m mặt, mắt</li>\r\n	<li>- L&agrave;m thức uống, bột ăn dặm cho trẻ em</li>\r\n	<li>⏳*HẠN D&Ugrave;NG: 9 th&aacute;ng kể từ ng&agrave;y sản xuất Fanpage: V&igrave; t&ocirc;i đẹp</li>\r\n</ul>\r\n', 50, 'cham_soc_da_mat', 160000, 'gói', 0, 'MEKENHANOI', 1, 1),
('13', 'BỘT CÁM GẠO NGUYÊN CHẤT MẸ KEN / 1kg', 'bot_cam_gao_nguyen_chat_me_ken_1kg', 'bot_cam_gao_nguyen_chat_me_ken_1kg.jpg', '<ul>\r\n	<li>*Từ nguồn gao qu&ecirc; nguy&ecirc;n c&aacute;m</li>\r\n	<li>*C&Ocirc;NG DỤNG :</li>\r\n	<li>- Tẩy tế b&agrave;o chết, đắp mặt nạ dưỡng da, tắm trắng gi&uacute;p da s&aacute;ng hồng.</li>\r\n	<li>- Nguy&ecirc;n liệu trong chế biến thực phẩm: l&agrave;m b&aacute;nh, nấu ch&aacute;o ăn dặm,...</li>\r\n	<li>*C&Aacute;CH SỬ DỤNG:</li>\r\n	<li>- Tẩy tế b&agrave;o chết tuần 1 - 2 lần: trộn th&agrave;nh hỗn hợp như sau:</li>\r\n	<li>+ 1 th&igrave;a cafe bột c&aacute;m gạo</li>\r\n	<li>+ 1 th&igrave;a cafe dầu dừa hoặc dầu &ocirc; liu</li>\r\n	<li>+ 1 thia cafe mật on</li>\r\n	<li>+ 3 th&igrave;a nước cam hoặc chanh</li>\r\n	<li>- Đắp mặt nạ: tuần 2 lần. 1 lần đắp khoảng 30 ph&uacute;t rồi rửa lại bằng nước sạch.</li>\r\n	<li>+ 2 th&igrave;a cafe bột c&aacute;m gạo trộn với &iacute;t nước s&ocirc;i th&agrave;nh hỗn hợp sền sệt</li>\r\n	<li>+ 1 th&igrave;a cafe dầu dừa hoặc dầu &ocirc; liu</li>\r\n	<li>+ 1 thia cafe mật on</li>\r\n	<li>+ 1 th&igrave;a nước cam hoặc chanh</li>\r\n	<li>⏳*HẠN D&Ugrave;NG: 9 th&aacute;ng ở nhiệt độ thường b&ecirc;n ngo&agrave;i. Fanpage: V&igrave; t&ocirc;i đẹp</li>\r\n</ul>', 50, 'cham_soc_da_mat', 120000, 'gói', 0, 'MEKENHANOI', 1, 1),
('14', 'BỘT SẮN DÂY NGUYÊN CHẤT MẸ KEN / 500g', 'bot_san_day_nguyen_chat_me_ken_500gr', 'bot_san_day_nguyen_chat_me_ken_500gr.jpg', '<ul>\r\n	<li>*TH&Agrave;NH PHẦN: củ sắn d&acirc;y ta nh&agrave; trồng.</li>\r\n	<li>*C&Ocirc;NG DỤNG:</li>\r\n	<li>-Theo đ&ocirc;ng y, củ sắn d&acirc;y c&oacute; vị ngọt, t&iacute;nh b&igrave;nh, m&aacute;t, đi v&agrave;o kinh tỳ, vị, phế, b&agrave;ng quang, c&oacute; c&ocirc;ng năng giải biểu, thanh nhiệt, sinh t&acirc;n dịch, trừ phiền nhiệt, th&ocirc;ng đại tiểu tiện, l&agrave;m ra mồ h&ocirc;i, giải cảm sốt, giải rượu bia rất tốt, giảm t&aacute;o b&oacute;n, l&agrave;m chậm qu&aacute; tr&igrave;nh l&atilde;o h&oacute;a, nhức đầu, ngừa r&ocirc;m sảy cho trẻ,...</li>\r\n	<li>Bột sắn d&acirc;y d&ugrave;ng để pha để uống tốt cho sức khỏe. Ngo&agrave;i ra c&ograve;n d&ugrave;ng để đắp mặt dưỡng nhan.</li>\r\n	<li>*C&Aacute;CH D&Ugrave;NG: Pha 2 - 3 muỗng canh bột với nước ấm hoặc nước lạnh, th&ecirc;m đường đ&aacute; theo sở th&iacute;ch.</li>\r\n	<li>♻*BẢO QUẢN: nơi kh&ocirc; r&aacute;o, tho&aacute;ng m&aacute;t, tr&aacute;nh ẩm v&agrave; tr&aacute;nh &aacute;nh nắng chiếu trực tiếp v&agrave;o sản phẩm.</li>\r\n	<li>⏳*HSD: 24 th&aacute;ng kể từ ng&agrave;y sản xuất</li>\r\n	<li>*LƯU &Yacute;: Ph&acirc;n biệt bột sắn nguy&ecirc;n chất v&agrave; bột sắn pha:</li>\r\n	<li>Bột sắn nguy&ecirc;n chất hạt to, sắc cạnh, trắng vừa phải, thơm nhẹ, kh&ocirc; v&agrave; kh&ocirc;ng h&uacute;t ẩm. Ngược lại, bột trắng pha tạp, k&eacute;m chất lượng hạt nhỏ, bở, k&eacute;m sắc cạnh, m&ugrave;i thơm nồng v&agrave; dễ nh&atilde;o. Fanpage: V&igrave; t&ocirc;i đẹp</li>\r\n</ul>\r\n', 50, 'nuoc_uong_dinh_duong', 250000, 'gói', 0, 'MEKENHANOI', 1, 1),
('15', 'BỘT BÍ ĐỎ / 100gr', 'bot_bi_do_100gr', 'bot_bi_do_100gr.jpg', '<ul>\r\n	<li>Nguy&ecirc;n liệu tươi, sạch từ trang trại nguy&ecirc;n liệu sạch MẸ KEN, được sấy lạnh để giữ được tối đa vitamin v&agrave; xay nhuyễn th&agrave;nh dạng bột.</li>\r\n	<li>*C&Ocirc;NG DỤNG:</li>\r\n	<li>- Mặt nạ dưỡng da</li>\r\n	<li>- L&agrave;m thực phẩm chức năng, l&agrave;m thức uống, pha sữa, bột ăn dặm cho trẻ em ,l&agrave;m b&aacute;nh v&agrave; rau c&acirc;u</li>\r\n	<li>⏳* HẠN D&Ugrave;NG: 9 th&aacute;ng kể từ ng&agrave;y sản xuất Fanpage: V&igrave; t&ocirc;i đẹp</li>\r\n</ul>\r\n', 50, 'nuoc_uong_dinh_duong', 160000, 'gói', 0, 'MEKENHANOI', 1, 1),
('16', 'NẾP CẨM LÊN MEN NGÂM LÒNG ĐỎ TRỨNG GÀ TA HẠ THỔ MẸ KEN / 100ml', 'nep_cap_len_men_ngam_long_do_trung_ga_ta_ha_tho_me_ken_100gr', 'nep_cap_len_men_ngam_long_do_trung_ga_ta_ha_tho_me_ken_100gr.jpg', '<ul>\r\n	<li>*Theo Đ&ocirc;ng y, n&ecirc;́p c&acirc;̉m có tính &acirc;̉m, vị ngọt, d&ecirc;̃ ti&ecirc;u hoá và làm &acirc;́m bụng. B&ocirc;̉ sung dưỡng ch&acirc;́t sắt cho những người thi&ecirc;́u sắt, n&ecirc;́p c&acirc;̉m r&acirc;́t t&ocirc;́t với những phụ nữ mang thai. Theo nghi&ecirc;n cứu cho th&acirc;́y n&ecirc;́p c&acirc;̉m giúp làm giảm cholesterol trong máu mà kh&ocirc;ng g&acirc;y ra phản ứng phụ nào. Ăn n&ecirc;́p c&acirc;̉m thường xuy&ecirc;n giúp bạn &ocirc;̉n định huy&ecirc;́t áp. Trong gạo n&ecirc;́p cẩm có chứa hoạt ch&acirc;́t lovastatine và egosterol giúp hạn ch&ecirc;́ tình trạng tai bi&ecirc;́n tim mạch và làm tái tạo mạch máu cho các b&ecirc;̣nh nh&acirc;n sau khi ph&acirc;̃u thu&acirc;̣t tai bi&ecirc;́n mạch máu não. Đ&ocirc;̀ng thời, sử dụng gạo n&ecirc;́p c&acirc;̉m kh&ocirc;ng g&acirc;y phản ứng phụ và ảnh hưởng đ&ecirc;́n huy&ecirc;́t áp. Ngo&agrave;i ra c&ograve;n được d&ugrave;ng làm đẹp r&acirc;́t hi&ecirc;̣u quả, l&agrave; mặt nạ tạo đ&ocirc;̣ &acirc;̉m và phục h&ocirc;̀i da bị t&ocirc;̉n thương l&agrave;m hồng mịn da, l&agrave;m giảm n&aacute;m, t&agrave;n nhang. Vì trong n&ecirc;́p c&acirc;̉m l&ecirc;n men có chứa nhóm vitamin B và các ch&acirc;́t có lợi khác.</li>\r\n	<li>*TH&Agrave;NH PHẦN: nếp cẩm l&ecirc;n men nh&agrave; l&agrave;m, l&ograve;ng đỏ trứng g&agrave; ta tươi 100%. Đ&atilde; được hạ thổ đủ 100 ng&agrave;y</li>\r\n	<li>*C&Ocirc;NG DỤNG: d&ugrave;ng để cho c&aacute;c sản phụ uống bổi bổ sau sinh, ngo&agrave;i ra cho c&aacute;c b&eacute;, người gi&agrave; uống bổ m&aacute;u, lưu th&ocirc;ng kh&iacute; huyết, phục hồi năng lượng, tốt cho sức khỏe.</li>\r\n	<li>Ngo&agrave;i ra c&ograve;n d&ugrave;ng để đắp mặt dưỡng đẹp da, l&agrave;m giảm n&aacute;m, t&agrave;n nhang, l&agrave;m hồng mịn da, se lỗ ch&acirc;n l&ocirc;ng</li>\r\n	<li>*C&Aacute;CH DỤNG:</li>\r\n	<li>- Uống h&agrave;ng ng&agrave;y, mỗi lần 20ml. 2 lần/ng&agrave;y.</li>\r\n	<li>- Đắp mặt: đắp 1 lớp mỏng l&ecirc;n mặt, từ 30 &ndash; 45&rsquo;/lần. 3 lần/tuần.</li>\r\n	<li>♻*BẢO QUẢN: Nơi kh&ocirc; r&aacute;o, tho&aacute;ng m&aacute;t, tr&aacute;nh ẩm v&agrave; tr&aacute;nh &aacute;nh nắng chiếu trực tiếp v&agrave;o sản phẩm.</li>\r\n	<li>⏳*HSD: 24 th&aacute;ng kể từ ng&agrave;y mở nắp. Lưu &yacute; đậy k&iacute;n nắp sau khi sử dụng. Fanpage: V&igrave; t&ocirc;i đẹp</li>\r\n</ul>\r\n', 50, 'nuoc_uong_dinh_duong', 140000, 'lọ', 0, 'MEKENHANOI', 1, 1),
('17', 'BỘT CHANH NGUYÊN CHẤT 100% SẠCH MẸ KEN', 'bot_chanh_nguyen_chat_sach_me_ken', 'bot_chanh_nguyen_chat_sach_me_ken.jpg', '<ul>\r\n	<li>*NGUY&Ecirc;N LIỆU:</li>\r\n	<li>Chanh qu&ecirc; được trồng tại Trang Trại Mẹ Ken, kh&ocirc;ng phun thuốc. H&aacute;i trực tiếp rửa sạch bụi v&agrave; sấy kh&ocirc;. Sấy v&agrave; xay th&agrave;nh dạng bột gi&uacute;p giảm đi t&iacute;nh axit của chanh nhưng lại giữ nguy&ecirc;n vitamin tốt vốn c&oacute;</li>\r\n	<li>* C&Ocirc;NG DỤNG:</li>\r\n	<li>L&agrave;m muối chanh, ướp nấu ăn, tắm trắng, tẩy trắng răng, tẩy tế b&agrave;o chết, uống giảm c&acirc;n 1 th&igrave;a mỗi s&aacute;ng với mật ong, l&agrave;m giảm n&aacute;m, l&agrave;m giảm mụn, mờ sẹo, chữa h&ocirc;i miệng, l&agrave;m giảm g&agrave;u, gi&uacute;p m&ocirc;i hồng, dưỡng t&oacute;c...</li>\r\n	<li>*C&Aacute;CH D&Ugrave;NG:</li>\r\n	<li>- Tắm trắng, tẩy tế b&agrave;o chế body : Pha theo c&ocirc;ng thức 2 v&aacute; bột c&aacute;m gạo +1 v&aacute; bột chanh + 250ml sữa tươi + 1 muỗng caf&eacute; dầu dừa</li>\r\n	<li>- Tắm trắng, tẩy tế b&agrave;o chế mặt: &frac14; th&igrave;a c&agrave; ph&ecirc; bột chanh + 1 th&igrave;a c&agrave; ph&ecirc; bột c&aacute;m gạo + 1 &iacute;t sữa tươi.</li>\r\n	<li>- Tẩy trắng răng: Ch&agrave; x&aacute;t bột chanh l&ecirc;n răng để l&agrave;m trắng những mảng b&aacute;m v&agrave;ng tr&ecirc;n răng</li>\r\n	<li>- Giảm c&acirc;n: vi&ecirc;n với mật ong để uống giảm c&acirc;n</li>\r\n	<li>⏳*HẠN D&Ugrave;NG: 9 th&aacute;ng kể từ ng&agrave;y sản xuất Fanpage: V&igrave; t&ocirc;i đẹp</li>\r\n</ul>\r\n', 50, 'nuoc_uong_dinh_duong', 160000, 'gói', 0, 'MEKENHANOI', 1, 1),
('18', 'TINH BỘT NGHỆ NGUYÊN CHẤT MẸ KEN / 100gr', 'tinh_bot_nghe_nguyen_chat_me_ken_100gr', 'tinh_bot_nghe_nguyen_chat_me_ken_100gr.jpg', '<ul>\r\n	<li>TINH BỘT NGHỆ l&agrave; tinh chất được chiết xuất ra từ củ nghệ v&agrave;ng c&oacute; th&agrave;nh phần ch&iacute;nh l&agrave; chất curcumin. Tinh bột nghệ mẹ ken đ&atilde; được BỘ Y TẾ kiểm định v&agrave; x&aacute;c nhận đat chuẩn curcumin cao. Chất curcumin n&agrave;y đ&oacute;ng vai tr&ograve; chủ chốt trong việc x&aacute;c định c&ocirc;ng dụng của tinh bột nghệ đối với sức khỏe con người.</li>\r\n	<li>ĐẶC T&Iacute;NH: đảm bảo ti&ecirc;u chuẩn vệ sinh ATTP, h&agrave;m lượng curcumin cao, m&aacute;y ly t&acirc;m đ&atilde; t&aacute;ch bỏ tinh dầu, nguyen chất kh&ocirc;ng sử dụng chất pha trộn v&agrave; c&aacute;c phụ gia thực phẩm</li>\r\n	<li>*C&Ocirc;NG DỤNG:</li>\r\n	<li>- Ph&ograve;ng v&agrave; chữa c&aacute;c bệnh về đường ruột, đau dạ d&agrave;y, h&agrave;nh t&aacute; tr&agrave;ng, giải đ&ocirc;c gan, ngăn ngừa ung thư, bế kinh t&iacute;ch huyết, bổ m&aacute;u, l&agrave;nh sẹo, dưỡng da, ngăn l&atilde;o h&oacute;a da, giảm n&aacute;m, t&agrave;n nhang, rất tốt cho phụ nữ sau sinh.,...</li>\r\n	<li>*C&Aacute;CH D&Ugrave;NG: Lấy 1- 2 th&igrave;a c&agrave; ph&ecirc; trộn với mật ong, uống trước bữa ăn ng&agrave;y 2 lần. T&aacute;c dụng mặt nạ tinh bột nghệ:</li>\r\n	<li>- Da trở n&ecirc;n mềm mại v&agrave; gi&agrave;u sức sống nhanh ch&oacute;ng, gi&uacute;p l&agrave;n da trắng hồng rạng rỡ.</li>\r\n	<li>- Đặc biệt đối với những người bị tổn thương da do mụn bọc, c&oacute; thể uống tinh bột nghệ với mật ong, hoặc đắp mặt nạ v&agrave;o c&aacute;c buổi tối, hiệu quả c&oacute; thể nhận thấy r&otilde; rệt.</li>\r\n	<li>- Đối với phụ nữ sau khi sinh kết hợp với đắp mặt nạ (tuần 2 -3 lần) v&agrave; h&ograve;a 1 th&igrave;a với nước lọc pha ch&uacute;t mật ong, uống ng&agrave;y 2 lần, gi&uacute;p nhanh ch&oacute;ng hồi phục sức khỏe v&agrave; nhanh sắc, tr&aacute;nh hậu sản.</li>\r\n	<li>- Loại mặt nạ n&agrave;y kh&ocirc;ng c&oacute; hại, kh&ocirc;ng lo dị ứng v&agrave; rất tiện lợi.</li>\r\n	<li>Ngo&agrave;i ra c&oacute; thể đắp mặt c&ugrave;ng tinh bột nghệ theo c&aacute;c c&ocirc;ng thức sau:</li>\r\n	<li>1.Tinh bột nghệ + sữa tươi</li>\r\n	<li>2.Tinh bột nghệ + mật ong + sữa chua</li>\r\n	<li>3.Tinh bột nghệ + nước cốt dưa leo</li>\r\n	<li>4.Tinh bột nghệ + nước cốt c&agrave; chua</li>\r\n	<li>5.Tinh bột nghệ + nước cốt d&acirc;u t&acirc;y</li>\r\n	<li>6.Tinh bột nghệ + dầu &ocirc; liu</li>\r\n	<li>7.Tinh bột nghệ + l&ograve;ng trắng trứng g&agrave;</li>\r\n	<li>♻*BẢO QUẢN: nơi kh&ocirc; r&aacute;o, tho&aacute;ng m&aacute;t, tr&aacute;nh ẩm.</li>\r\n	<li>Qui c&aacute;ch đ&oacute;ng g&oacute;i: 100gr hoặc 500gr hoặc đ&oacute;ng g&oacute;i theo y&ecirc;u cầu của kh&aacute;ch h&agrave;ng</li>\r\n	<li>⏳*HSD: 2 năm kể từ ng&agrave;y sản xuất</li>\r\n</ul>\r\n', 50, 'nuoc_uong_dinh_duong', 90000, 'gói', 0, 'MEKENHANOI', 1, 1),
('19', 'NHÀU RỪNG (NONI) VIÊN MẬT ONG RỪNG NGUYÊN CHẤT MẸ KEN / 500gr', 'nhau_rung_vien_mat_ong_rung_nguyen_chat_me_ken_500gr', 'nhau_rung_vien_mat_ong_rung_nguyen_chat_me_ken_500gr.jpg', '<ul>\r\n	<li>Trọng lượng: đ&oacute;ng g&oacute;i v&agrave;o hủ 500 gr hoặc 1kg hoặc đ&oacute;ng g&oacute;i theo y&ecirc;u cầu của kh&aacute;ch h&agrave;ng</li>\r\n	<li>100% Thi&ecirc;n Nhi&ecirc;n&nbsp;</li>\r\n	<li>*TH&Agrave;NH PHẦN: bột nh&agrave;u, mật ong rừng</li>\r\n	<li>*C&Ocirc;NG DỤNG: Theo c&aacute;c nh&agrave; nghi&ecirc;n cứu khoa học quả nh&agrave;u rừng mang lại rất nhiều dưỡng chất qu&yacute;, tốt cho sức khỏe, c&oacute; t&aacute;c dụng l&agrave;m chậm qu&aacute; tr&igrave;nh l&atilde;o h&oacute;a, ngăn cản suy giảm tr&iacute; nhớ, hỗ trợ hoạt động ti&ecirc;u h&oacute;a. Ph&ograve;ng chống ung thư, lupus, vi&ecirc;m gan, chống vi&ecirc;m, tăng cường miễn dịch, giảm huyết &aacute;p, ph&ograve;ng chống bệnh tiểu đường, xương khớp. Kh&aacute;ng khuẩn ức chế c&aacute;c k&yacute; sinh tr&ugrave;ng amip, k&yacute; sinh tr&ugrave;ng sốt r&eacute;t, l&agrave;m l&agrave;nh vết thương, k&iacute;ch th&iacute;ch sản xuất collagen, tăng cường b&agrave;i tiết mật, giải độc gan, chống dị ứng, chống trầm cảm, chống rối loạn t&acirc;m thần ở phụ nữ m&atilde;n kinh gi&uacute;p ăn ngon, ngủ s&acirc;u giấc,&hellip;</li>\r\n	<li>*C&Aacute;CH DỤNG: Uống 10 - 15 vi&ecirc;n/ng&agrave;y, 2 lần s&aacute;ng v&agrave; tối.</li>\r\n	<li>♻*BẢO QUẢN: Ngăn m&aacute;t tủ lạnh</li>\r\n	<li>⏳*HSD: 24 th&aacute;ng NSX Fanpage: V&igrave; t&ocirc;i đẹp</li>\r\n</ul>\r\n', 50, 'nuoc_uong_dinh_duong', 620000, 'hủ', 0, 'NXBGD', 1, 1),
('20', 'BỘT NGHỆ ĐEN NGUYÊN CHẤT MẸ KEN / 1kg', 'bot_nghe_den_nguyen_chat_me_ken_1kg', 'bot_nghe_den_nguyen_chat_me_ken_1kg.jpg', '<ul>\r\n	<li>*TH&Agrave;NH PHẦN: sản phẩm l&agrave;m từ củ nghệ tươi sạch sau khi rửa sạch, th&aacute;i l&aacute;t, sấy kh&ocirc; rồi nghiền th&agrave;nh bột</li>\r\n	<li>*C&Ocirc;NG DỤNG: D&ugrave;ng để ăn, uống, tắm trắng, đắp mặt</li>\r\n	<li>♻*BẢO QUẢN: nơi kh&ocirc; r&aacute;o, tho&aacute;ng m&aacute;t, tr&aacute;nh ẩm.</li>\r\n	<li>⏳*HSD: 1 năm kể từ ng&agrave;y sản xuất.</li>\r\n	<li>*Qui c&aacute;ch đ&oacute;ng g&oacute;i: 500gr hoặc 1kg hoặc đ&oacute;ng g&oacute;i theo y&ecirc;u cầu của kh&aacute;ch h&agrave;ng. Fanpage: V&igrave; t&ocirc;i đẹp</li>\r\n</ul>\r\n', 50, 'cham_soc_da_mat', 390000, 'hủ', 0, 'MEKENHANOI', 1, 1),
('21', 'BỘT CÀ PHÊ NGUYÊN CHẤT MẸ KEN / 1kg', 'bot_ca_phe_nguyen_chat_me_ken_1kg', 'bot_ca_phe_nguyen_chat_me_ken_1kg.jpg', '<ul>\r\n	<li>Rang xay ho&agrave;n to&agrave;n bằng phương ph&aacute;p thủ c&ocirc;ng.</li>\r\n	<li>Kh&ocirc;ng h&oacute;a chất</li>\r\n	<li>Kh&ocirc;ng chất bảo quản</li>\r\n	<li>*C&Ocirc;NG DỤNG: tắm trắng, pha để uống, giảm quầng th&acirc;m mắt, giảm nếp nhăn, l&agrave;m b&oacute;ng t&oacute;c, xoa dịu l&agrave;n da nhạy cảm, ti&ecirc;u mỡ săn da, l&agrave;m s&aacute;ng da, tẩy tế b&agrave;o chết..... V&agrave; rất nh&igrave;u c&ocirc;ng dụng tuyệt vời kh&aacute;c..</li>\r\n	<li>*C&Aacute;CH D&Ugrave;NG:</li>\r\n	<li>- Hỗn hợp tắm trắng c&agrave; ph&ecirc; + dầu dừa:</li>\r\n	<li>+Chuẩn bị:</li>\r\n	<li>1 ch&eacute;n c&agrave; ph&ecirc;</li>\r\n	<li>3 th&igrave;a cafe dầu dừa</li>\r\n	<li>+Thực hiện: Trộn đều nguy&ecirc;n liệu, sau khi tắm h&atilde;y thoa l&ecirc;n to&agrave;n bộ cơ thể, massage nhẹ nh&agrave;ng h&igrave;nh v&ograve;ng tr&ograve;n trong 30 ph&uacute;t rồi tắm sạch với nước ấm. Thực hiện 1-2 lần/tuần để da lu&ocirc;n mềm mịn, tươi s&aacute;ng tự nhi&ecirc;n.</li>\r\n	<li>- Hỗn hợp tắm trắng c&agrave; ph&ecirc; + sữa tươi</li>\r\n	<li>+Chuẩn bị:</li>\r\n	<li>1 b&aacute;t ăn cơm c&agrave; ph&ecirc;</li>\r\n	<li>1/2 g&oacute;i sữa tươi</li>\r\n	<li>+ Thực hiện: Trộn đều nguy&ecirc;n liệu, sau khi tắm h&atilde;y thoa l&ecirc;n to&agrave;n bộ cơ thể, massage nhẹ nh&agrave;ng trong 30 ph&uacute;t rồi tắm sạch với nước ấm. Thực hiện 1-2 lần/tuần để da lu&ocirc;n mềm mịn, tươi s&aacute;ng tự nhi&ecirc;n.</li>\r\n	<li>♻*BẢO QUẢN: b&ecirc;n ngo&agrave;i nhiệt độ thường, tr&aacute;nh ẩm</li>\r\n	<li>⏳*HẠN D&Ugrave;NG: 9 th&aacute;ng kể từ ng&agrave;y sản xuất Fanpage: V&igrave; t&ocirc;i đẹp</li>\r\n</ul>\r\n', 50, 'cham_soc_da_mat', 300000, 'gói', 0, 'MEKENHANOI', 1, 1),
('22', 'TRỨNG GÀ HẠ THỔ MẸ KEN / 500 ml', 'trung_ga_ha_tho_me_ken_500ml', 'trung_ga_ha_tho_me_ken_500ml.jpg', '<ul>\r\n	<li>L&agrave; loại mặt nạ si&ecirc;u l&agrave;nh t&iacute;nh v&agrave; ph&ugrave; hợp với c&aacute;c loại da. Mịn mướt ngay sau khi đắp.</li>\r\n	<li>*TH&Agrave;NH PHẦN: L&ograve;ng đỏ trứng g&agrave;, mật ong rừng, bột s&acirc;m, bột tam thất, bột ngải cứu v&agrave; một số dược liệu qu&yacute;. Được ng&acirc;m hạ thổ đủ 100 ng&agrave;y.</li>\r\n	<li>*C&Ocirc;NG DỤNG: ngừa n&aacute;m, t&agrave;n nhang, ngừa mụn, trắng da, mịn hồng da, d&ugrave;ng để x&ocirc;ng hơ sau sinh, uống đẹp da.</li>\r\n	<li>*C&Aacute;CH D&Ugrave;NG:</li>\r\n	<li>- D&ugrave;ng x&ocirc;ng hơ sau sinh.</li>\r\n	<li>- Đắp mặt dưỡng trắng, mịn da: đắp khoảng 30 &ndash; 45&rsquo; rồi rửa nhẹ nh&agrave;ng bằng nước sạch 70%</li>\r\n	<li>- Uống đẹp da: Uống h&agrave;ng ng&agrave;y, 20ml/lần.</li>\r\n	<li>♻*BẢO QUẢN: ở nhiệt độ thường, nơi kh&ocirc; r&aacute;o, tho&aacute;ng m&aacute;t.</li>\r\n	<li>⏳*HSD: 18 th&aacute;ng Fanpage: V&igrave; t&ocirc;i đẹp</li>\r\n</ul>\r\n', 50, 'nuoc_uong_dinh_duong', 650000, 'hủ', 0, 'MEKENHANOI', 1, 1),
('23', '\r\nBỘT NHÀU RỪNG NGUYÊN CHẤT MẸ KEN (NONI) / 500gr', 'bot_nhau_rung_nguyen_chat_me_ken_500gr', 'bot_nhau_rung_nguyen_chat_me_ken_500gr.jpg', '<ul>\r\n	<li>*TH&Agrave;NH PHẦN: 100% bột nh&agrave;u rừng.</li>\r\n	<li>*C&Ocirc;NG DỤNG: Theo c&aacute;c nh&agrave; nghi&ecirc;n cứu khoa học quả nh&agrave;u rừng mang lại rất nhiều dưỡng chất qu&yacute;, tốt cho sức khỏe, c&oacute; t&aacute;c dụng l&agrave;m chậm qu&aacute; tr&igrave;nh l&atilde;o h&oacute;a, ngăn cản suy giảm tr&iacute; nhớ, hỗ trợ hoạt động ti&ecirc;u h&oacute;a. Ph&ograve;ng chống ung thư, lupus, vi&ecirc;m gan, chống vi&ecirc;m, tăng cường miễn dịch, giảm huyết &aacute;p,ph&ograve;ng chống bệnh tiểu đường, xương khớp. Kh&aacute;ng khuẩn ức chế c&aacute;c k&yacute; sinh tr&ugrave;ng amip, k&yacute; sinh tr&ugrave;ng sốt r&eacute;t, l&agrave;m l&agrave;nh vết thương, k&iacute;ch th&iacute;ch sản xuất collagen, tăng cường b&agrave;i tiết mật, giải độc gan, chống dị ứng, chống trầm cảm, chống rối loạn t&acirc;m thần ở phụ nữ m&atilde;n kinh gi&uacute;p ăn ngon, ngủ s&acirc;u giấc,&hellip;</li>\r\n	<li>*C&Aacute;CH D&Ugrave;NG: Uống từ 1 &ndash; 2 lần/ng&agrave;y v&agrave;o buổi s&aacute;ng v&agrave; tối. Pha từ 1 - 2 th&igrave;a c&agrave; ph&ecirc; bột với nước ấm, th&ecirc;m mật ong hoặc kh&ocirc;ng th&ecirc;m t&ugrave;y theo sở th&iacute;ch. Ngo&agrave;i ra c&oacute; thể ng&acirc;m bột với mật ong hoặc đường ph&egrave;n để uống h&agrave;ng ng&agrave;y. Ri&ecirc;ng với người c&oacute; bao tử yếu th&igrave; n&ecirc;n uống sau khi ăn no.</li>\r\n	<li>♻*BẢO QUẢN: Nơi kh&ocirc; r&aacute;o, tho&aacute;ng m&aacute;t, tr&aacute;nh ẩm, tr&aacute;nh &aacute;nh nắng chiếu trực tiếp v&agrave;o sản phẩm v&agrave; c&oacute; nhiệt độ dưới 30 độ.</li>\r\n	<li>⏳*HSD: 24 th&aacute;ng Fanpage: V&igrave; t&ocirc;i đẹp</li>\r\n</ul>\r\n', 50, 'nuoc_uong_dinh_duong', 470000, 'gói', 0, 'MEKENHANOI', 1, 1),
('24', 'DẦU MÈ ĐEN MẸ KEN / 1 lít', 'dau_me_den_me_ken_1lit', 'dau_me_den_me_ken_1lit.jpg', '<ul>\r\n	<li>Theo Đ&ocirc;ng Y v&iacute; dầu m&egrave; đen như thần dược gi&uacute;p trẻ m&atilde;i kh&ocirc;ng gi&agrave; &ndash; nữ ho&agrave;ng của c&aacute;c loại dầu ăn, chữa bệnh v&agrave; chống l&atilde;o ho&aacute;</li>\r\n	<li>Kh&aacute;c với m&egrave; trắng, m&egrave; đen gi&agrave;u calo, axit b&eacute;o, omega 3, omega 6 &hellip; v&agrave; c&aacute;c nguy&ecirc;n tố vi lượng như đồng, canxi oxalat c&oacute; lợi cho sức khỏe, l&agrave;m lưu th&ocirc;ng tuần ho&agrave;n m&aacute;u tốt cho tim mạch. Ngo&agrave;i ra, trong hạt m&egrave; đen c&ograve;n chứa nhiều vitamin E v&agrave; B,gi&uacute;p nu&ocirc;i dưỡng l&agrave;n da, chống l&atilde;o h&oacute;a.</li>\r\n	<li>M&egrave; đen kh&ocirc;ng chỉ l&agrave; thực phẩm tốt cho sức khỏe m&agrave; c&ograve;n l&agrave; thần dược trong việc l&agrave;m đẹp của chị em. Hạt m&egrave; đen chứa khoảng 60% l&agrave; tinh dầu m&egrave; v&agrave; một lượng c&aacute;c chất chống oxy h&oacute;a n&ecirc;n m&egrave; đen c&ograve;n gi&uacute;p trị mụn hiệu quả, trẻ h&oacute;a l&agrave;n da, cho chị em một l&agrave;n da mềm mại, tươi tắn.</li>\r\n	<li>*C&Aacute;CH SỬ DỤNG</li>\r\n	<li>➡️&nbsp;S&Uacute;C MIỆNG : cho 1/2 muỗng dầu m&egrave; v&agrave;o miệng, d&ugrave;ng lưỡi đẩy qua lại, khoảng 20 ph&uacute;t th&igrave; nhổ ra. Chữa h&ocirc;i miệng, trắng răng</li>\r\n	<li>➡️&nbsp;NẤU ĂN : d&ugrave;ng như c&aacute;c loại dầu ăn th&ocirc;ng thường kh&aacute;c nhưng nhiệt độ thấp hoặc ăn trực tiếp</li>\r\n	<li>➡️&nbsp;CHỐNG L&Atilde;O H&Oacute;A : 2 th&igrave;a mỗi ng&agrave;y gi&uacute;p chống l&atilde;o ho&aacute;, ngừa bệnh tật, chống giảm tr&iacute; nhớ, chữa bạc t&oacute;c</li>\r\n	<li>➡️&nbsp;MẶT NẠ DƯỠNG DA</li>\r\n	<li>➡️&nbsp;DƯỠNG L&Ocirc;NG MI : d&ugrave;ng tăm b&ocirc;ng chấm 1 &iacute;t dầu m&egrave;, sau đ&oacute; chuốt l&ecirc;n l&ocirc;ng mi, để qua đ&ecirc;m, s&aacute;ng h&ocirc;m sau rửa lại với nước ấm.</li>\r\n	<li>➡️&nbsp;DƯỠNG M&Ocirc;I : B&ocirc;i l&ecirc;n m&ocirc;i chữa dời đ&aacute;i, kh&ocirc; m&ocirc;i</li>\r\n	<li>➡️&nbsp;TỐT CHO PHỤ NỮ TRƯỚC V&Agrave; SAU KHI SINH : Cực kỳ tốt cho phụ nữ thời kỳ thai ngh&eacute;n, sản phụ thiếu sữa thiếu sắt, trẻ em suy dinh dưỡng, gi&uacute;p trẻ th&ocirc;ng minh do m&egrave; đen l&agrave;m đầy tuỷ n&atilde;o</li>\r\n	<li>♻*BẢO QUẢN: nơi c&oacute; nhiệt độ m&aacute;t hoặc ngăn m&aacute;t tủ lạnh</li>\r\n	<li>⏳*HẠN SỬ DỤNG: 1 năm kể từ ng&agrave;y sản xuất Fanpage: V&igrave; t&ocirc;i đẹp</li>\r\n</ul>\r\n', 50, 'nuoc_uong_dinh_duong', 600000, 'lọ', 0, 'MEKENHANOI', 1, 1),
('25', 'BỘT NGHỆ ĐỎ (NGHỆ VÀNG) NGUYÊN CHẤT MẸ KEN / 1kg', 'bot_nghe_do_nguyen_chat_me_ken_1kg', 'bot_nghe_do_nguyen_chat_me_ken_1kg.jpg', '<ul>\r\n	<li>*TH&Agrave;NH PHẦN: sản phẩm l&agrave;m từ củ nghệ tươi sạch sau khi rửa sạch, th&aacute;i l&aacute;t, sấy kh&ocirc; rồi nghiền th&agrave;nh bột</li>\r\n	<li>*C&Ocirc;NG DỤNG: D&ugrave;ng để ăn, uống, tắm trắng, đắp mặt</li>\r\n	<li>♻*BẢO QUẢN: nơi kh&ocirc; r&aacute;o, tho&aacute;ng m&aacute;t, tr&aacute;nh ẩm.</li>\r\n	<li>⏳*HSD: 1 năm kể từ ng&agrave;y sản xuất.</li>\r\n	<li>*Qui c&aacute;ch đ&oacute;ng g&oacute;i: 500gr hoặc 1kg hoặc đ&oacute;ng g&oacute;i theo y&ecirc;u cầu của kh&aacute;ch h&agrave;ng. Fanpage: V&igrave; t&ocirc;i đẹp</li>\r\n</ul>\r\n', 50, 'nuoc_uong_dinh_duong', 350000, 'hủ', 0, 'MEKENHANOI', 1, 1),
('26', 'NẾP CẨM LÊN MEN NGUYÊN CHẤT MẸ KEN', 'nep_cam_len_men_me_ken', 'nep_cam_len_men_me_ken.jpg', '<ul>\r\n	<li>*GI&Aacute;</li>\r\n	<li>500ml: 135,000 đ</li>\r\n	<li>1 l&iacute;t: 250,000 đ</li>\r\n	<li>*Theo Đ&ocirc;ng y, n&ecirc;́p c&acirc;̉m có tính &acirc;̉m, vị ngọt, d&ecirc;̃ ti&ecirc;u hoá và làm &acirc;́m bụng. B&ocirc;̉ sung dưỡng ch&acirc;́t sắt cho những người thi&ecirc;́u sắt, n&ecirc;́p c&acirc;̉m r&acirc;́t t&ocirc;́t với những phụ nữ mang thai. Theo nghi&ecirc;n cứu cho th&acirc;́y n&ecirc;́p c&acirc;̉m giúp làm giảm cholesterol trong máu mà kh&ocirc;ng g&acirc;y ra phản ứng phụ nào. Ăn n&ecirc;́p c&acirc;̉m thường xuy&ecirc;n giúp bạn &ocirc;̉n định huy&ecirc;́t áp. Trong gạo n&ecirc;́p cẩm có chứa hoạt ch&acirc;́t lovastatine và egosterol giúp hạn ch&ecirc;́ tình trạng tai bi&ecirc;́n tim mạch và làm tái tạo mạch máu cho các b&ecirc;̣nh nh&acirc;n sau khi ph&acirc;̃u thu&acirc;̣t tai bi&ecirc;́n mạch máu não. Đ&ocirc;̀ng thời, sử dụng gạo n&ecirc;́p c&acirc;̉m kh&ocirc;ng g&acirc;y phản ứng phụ và ảnh hưởng đ&ecirc;́n huy&ecirc;́t áp</li>\r\n	<li>*TH&Agrave;NH PHẦN: nếp cẩm l&ecirc;n men nh&agrave; l&agrave;m.</li>\r\n	<li>*C&Ocirc;NG DỤNG: d&ugrave;ng để cho c&aacute;c sản phụ uống bổi bổ sau sinh, ngo&agrave;i ra cho c&aacute;c b&eacute;, người gi&agrave; uống bổ m&aacute;u, lưu th&ocirc;ng kh&iacute; huyết, phục hồi năng lượng, tốt cho sức khỏe v&agrave; ti&ecirc;u h&oacute;a.</li>\r\n	<li>*C&Aacute;CH D&Ugrave;NG: Uống h&agrave;ng ng&agrave;y, mỗi lần 20ml. 2 lần/ng&agrave;y.</li>\r\n	<li>♻*BẢO QUẢN: Nơi kh&ocirc; r&aacute;o, tho&aacute;ng m&aacute;t, tr&aacute;nh ẩm v&agrave; tr&aacute;nh &aacute;nh nắng chiếu trực tiếp v&agrave;o sản phẩm.</li>\r\n	<li>⏳*HSD: 36 th&aacute;ng kể từ ng&agrave;y mở nắp. Lưu &yacute; đậy k&iacute;n nắp sau khi sử dụng. Fanpage: V&igrave; t&ocirc;i đẹp</li>\r\n</ul>\r\n', 50, 'nuoc_uong_dinh_duong', 135000, 'lọ', 0, 'MEKENHANOI', 1, 1),
('27', 'BỘT NGŨ CỐC SIÊU SẠCH VÀ BỔ DƯỠNG MẸ KEN / 1kg', 'bot_ngu_coc_sieu_sach_va_bo_duong_me_ken_1kg', 'bot_ngu_coc_sieu_sach_va_bo_duong_me_ken_1kg.jpg', '<ul>\r\n	<li>Bột ngũ cốc cung cấp nguồn dinh dưỡng qu&yacute; gi&aacute; trong khẩu phần ăn. Đặc biệt l&agrave; th&agrave;nh phần can-xi, sắt, kẽm, c&aacute;c viatmin như A, B v&agrave; C c&oacute; lợi cho sự ph&aacute;t triển thể chất của con người. Việc ti&ecirc;u thụ từ 50 &ndash; 60g ngũ cốc/ng&agrave;y với một đứa trẻ đang trưởng th&agrave;nh sẽ rất c&oacute; lợi cho cơ thể.</li>\r\n	<li>Bột ngũ cốc MẸ KEN đ&atilde; được l&agrave;m sạch v&agrave; rang ch&iacute;n n&ecirc;n c&oacute; thể ăn sống, pha với nước ấm, hoặc sữa tươi c&oacute; đường lạnh rất thơm ngon.</li>\r\n	<li>*TH&Agrave;NH PHẦN:</li>\r\n	<li>Hạt sen lu&ocirc;n tim, m&egrave; đen, đậu đen xanh l&ograve;ng, đậu đỏ, đậu xanh, đậu c&uacute;t, đậu v&aacute;n, đậu n&agrave;nh, gạo huyết rồng</li>\r\n	<li>C&Ocirc;NG DỤNG:</li>\r\n	<li>Tăng c&acirc;n, giảm c&acirc;n, cho trẻ ăn dặm, cung cấp vitamin, kho&aacute;ng chất, gi&uacute;p ăn ngon ngủ tốt, da dẻ mềm mại, chống l&atilde;o h&oacute;a, dễ ti&ecirc;u h&oacute;a, bổ dưỡng, gi&uacute;p nhuận tr&agrave;ng tốt.</li>\r\n	<li>Bổ sung chất dinh dưỡng cho người gi&agrave; yếu.</li>\r\n	<li>Lợi sữa cho mẹ đang nu&ocirc;i con nhỏ.</li>\r\n	<li>Ăn dặm cho trẻ</li>\r\n	<li>C&Aacute;CH D&Ugrave;NG:</li>\r\n	<li>*ĐỂ TĂNG C&Acirc;N : Nắng n&oacute;ng ăn uống dễ thiếu chất, lại dễ bị nhiệt. Sau khi ăn s&aacute;ng hoặc trước khi ngủ ta n&ecirc;n bổ sung 1 ly BỘT NGŨ CỐC SI&Ecirc;U SẠCH V&Agrave; BỔ DƯỠNG MẸ KEN. M&Egrave; ĐEN v&agrave; HẠT SEN gi&uacute;p cơ thể giải nhiệt, bồi bổ cơ thể, da dẻ hồng h&agrave;o, gi&uacute;p ngủ ngon, chống t&aacute;o b&oacute;n, &hellip; C&aacute;c loại ĐẬU ĐEN, ĐẬU XANH, ĐẬU ĐỎ, ĐẬU N&Agrave;NH gi&uacute;p cơ thể bổ sung hầu như đầy đủ tất cả kho&aacute;ng chất, sinh tố A,B, C, &hellip; dưỡng nhan, giải độc, thanh nhiệt v&agrave; tăng sức đề kh&aacute;ng. Ngo&agrave;i ra GẠO LỨT HUYẾT RỒNG c&oacute; lớp c&aacute;m d&agrave;y gi&uacute;p bổ tỳ, ngăn ngừa cảm ho v&agrave; chứa nhiều vitamin B, &hellip;</li>\r\n	<li>B&ecirc;n cạnh đ&oacute;, ĐẬU N&Agrave;NH v&agrave; M&Egrave; ĐEN c&ograve;n gi&uacute;p tăng size v&ograve;ng 1.</li>\r\n	<li>*ĐỂ GIẢM C&Acirc;N : Việc nhịn ăn để giảm c&acirc;n khiến cơ thể thiếu chất, giảm sức đề kh&aacute;ng, da dẻ xấu&hellip; Uống 1 ly BỘT NGŨ CỐC SI&Ecirc;U SẠCH V&Agrave; BỔ DƯỠNG MẸ KEN thay bữa s&aacute;ng, bữa trưa ăn uống như b&igrave;nh thường, bữa tối uống 1 ly v&agrave; sau đ&oacute; ăn 1 c&aacute;i trứng lộn hoặc ăn nhẹ trước 7h tối. Dưỡng chất tự nhi&ecirc;n isoflavones c&oacute; trong ĐẬU N&Agrave;NH gi&uacute;p c&acirc;n bằng nội tiết tố nữ, ức chế t&iacute;ch tụ chất b&eacute;o ở bụng, đ&ugrave;i, m&ocirc;ng, gi&uacute;p v&oacute;c d&aacute;ng phụ nữ mềm mại, nữ t&iacute;nh hơn m&agrave; v&ograve;ng 1 vẫn tăng. Eo nhỏ nhưng v&ograve;ng 1 lại tăng, m&egrave; đen gi&uacute;p da mềm mịn, trắng sang. C&aacute;c loại ĐẬU ĐEN, ĐẬU XANH, ĐẬU ĐỎ, ĐẬU N&Agrave;NH gi&uacute;p cơ thể bổ sung hầu như đầy đủ tất cả kho&aacute;ng chất, sinh tố A, B, C, &hellip; dưỡng nhan, giải độc, thanh nhiệt v&agrave; tăng sức đề kh&aacute;ng. Ngo&agrave;i ra GẠO LỨT HUYẾT RỒNG c&oacute; lớp c&aacute;m d&agrave;y gi&uacute;p bổ tỳ, ngăn ngừa cảm ho v&agrave; chứa nhiều vitamin B, &hellip; Giảm c&acirc;n nhưng da dẻ lại đẹp v&agrave; hồng h&agrave;o. Nếu muốn giảm c&acirc;n nhiều ta cứ uống trước bữa ăn v&igrave; Ngũ cốc n&oacute; g&acirc;y no l&agrave;m m&igrave;nh hạn chế th&egrave;m ăn v&agrave; &iacute;t ăn lại. Nhưng bắt buộc phải uống 1 ly ngũ cốc thay buổi s&aacute;ng.</li>\r\n	<li>LỢI SỮA: pha với sữa &ocirc;ng thọ, uống n&oacute;ng, ng&agrave;y từ 1-2 ly, uống nhiều nước.</li>\r\n	<li>ĂN DẶM: cho trẻ 7 th&aacute;ng tuổi trở l&ecirc;n ăn dặm. Pha với nước s&ocirc;i v&agrave; 1 th&igrave;a c&agrave; ph&ecirc; dầu ăn</li>\r\n	<li>♻*BẢO QUẢN: b&ecirc;n ngo&agrave;i nhiệt độ thường</li>\r\n	<li>⏳*HẠN SỬ DỤNG: 1 năm Fanpage: V&igrave; t&ocirc;i đẹp</li>\r\n</ul>\r\n', 50, 'nuoc_uong_dinh_duong', 300000, 'gói', 0, 'MEKENHANOI', 1, 1);
INSERT INTO `product_info` (`id_product`, `name_product`, `name_product_no_vietnamse`, `image_product`, `describle_product`, `quantity_inventory`, `sub_catalog`, `price_product`, `unit`, `point_promotion`, `producer_publisher`, `highlights`, `status_product`) VALUES
('28', 'GẠO LỨT HUYẾT RỒNG DÂN TỘC RANG MẸ KEN / 1kg', 'gao_lut_huyet_rong_dan_toc_rang_me_ken_1kg', 'gao_lut_huyet_rong_dan_toc_rang_me_ken_1kg.jpg', '<ul>\r\n	<li>*PH&Acirc;N LOẠI:</li>\r\n	<li>1. Dạng nguy&ecirc;n hạt: 190.000/kg</li>\r\n	<li>2. Dạng bột: 200.000/kg</li>\r\n	<li>*TH&Agrave;NH PHẦN: gạo lứt huyết rồng đ&atilde; được rang đều bằng than củi.</li>\r\n	<li>*C&Ocirc;NG DỤNG: Gạo lứt huyết rồng rang l&agrave; nguồn nguy&ecirc;n liệu qu&yacute; tốt cho người gi&agrave;, người c&oacute; bệnh tiểu đường, cao huyết &aacute;p, g&uacute;t v&agrave; c&aacute;c bệnh li&ecirc;n quan đến tim mạch, mỡ m&aacute;u. Gi&uacute;p b&agrave;i tiết chức năng gan, chống mất nước, thanh lọc m&aacute;u, giảm mỡ trong m&aacute;u. Uống trường kỳ sẽ hỗ trợ giảm nhức mỏi, đau khớp,&hellip;</li>\r\n	<li>*C&Aacute;CH D&Ugrave;NG: Nấu tr&agrave; uống h&agrave;ng ng&agrave;y. Cho 3 &ndash; 5 muỗng canh gạo lứt rang v&agrave;o 1 l&iacute;t nước. Nấu trong khoảng 15 ph&uacute;t v&agrave; lọc lấy nước uống h&agrave;ng ng&agrave;y. Ăn trực tiếp rất ngon.</li>\r\n	<li>♻*BẢO QUẢN: Nơi kh&ocirc; r&aacute;o, tho&aacute;ng m&aacute;t, tr&aacute;nh ẩm v&agrave; tr&aacute;nh &aacute;nh nắng chiếu trực tiếp v&agrave;o sản phẩm.</li>\r\n	<li>⏳*HSD: 12 th&aacute;ng</li>\r\n	<li>*Qui c&aacute;ch đ&oacute;ng g&oacute;i: đ&oacute;ng v&agrave;o t&uacute;i 500gr; 1 kg Fanpage: V&igrave; t&ocirc;i đẹp</li>\r\n</ul>\r\n', 50, 'nuoc_uong_dinh_duong', 190000, 'gói', 0, 'MEKENHANOI', 1, 1),
('29', 'BỘT CỦ SÂM NGUYÊN CHẤT/ 50gr', 'bot_cu_sam_nguyen_chat_50gr', 'bot_cu_sam_nguyen_chat_50gr.jpg', '<ul>\r\n	<li>*TH&Agrave;NH PHẦN: củ s&acirc;m tươi 100%</li>\r\n	<li>*C&Ocirc;NG DỤNG:</li>\r\n	<li>Theo Đ&ocirc;ng y, nh&acirc;n s&acirc;m l&agrave; dược liệu qu&yacute; hiếm c&oacute; vị đắng, kh&ocirc;ng độc, c&oacute; t&aacute;c dụng đại bổ nguy&ecirc;n kh&iacute;, gi&uacute;p bồi bổ sức khỏe, n&acirc;ng cao thể lực cho con người. Đặc biệt sử dụng nh&acirc;n s&acirc;m với những người mới ốm dậy, trẻ em c&ograve;i xương chậm lớn, suy dinh dưỡng hay những người vừa trải qua phẫu thuật gặp suy nhược lớn l&agrave; c&aacute;ch th&uacute;c đẩy cơ thể hồi phục nhanh ch&oacute;ng, tăng cường sức đề kh&aacute;ng</li>\r\n	<li>- Ngo&agrave;i ra, bột nh&acirc;n s&acirc;m nguy&ecirc;n chất l&agrave; thần dược giữ sắc đẹp trong cung cấm được lưu truyền đến tận ng&agrave;y nay : d&ugrave;ng nh&acirc;n s&acirc;m đắp mặt gi&uacute;p da trắng hồng, căng mịn, mờ nếp nhăn, t&aacute;i tạo tế b&agrave;o mới, k&iacute;ch th&iacute;ch sản sinh collagen mờ n&aacute;m t&agrave;n nhang hiệu quả v&agrave; ph&ograve;ng ngừa l&atilde;o ho&aacute;.</li>\r\n	<li>*C&Aacute;CH D&Ugrave;NG :</li>\r\n	<li>- uống 1 th&igrave;a c&agrave; ph&ecirc; mỗi s&aacute;ng với mật ong.</li>\r\n	<li>- Pha 1 - 2 th&igrave;a c&agrave; ph&ecirc; bột với sữa tươi kh&ocirc;ng đường hoặc trứng hoặc mật ong đắp mặt nạ tuần 2-3 lần.</li>\r\n	<li>♻*BẢO QUẢN: nơi kh&ocirc; r&aacute;o, tho&aacute;ng m&aacute;t, tr&aacute;nh ẩm v&agrave; tr&aacute;nh &aacute;nh nắng chiếu trực tiếp v&agrave;o sản phẩm</li>\r\n	<li>⏳*HẠN D&Ugrave;NG: 12 th&aacute;ng Fanpage: V&igrave; t&ocirc;i đẹp</li>\r\n</ul>\r\n', 50, 'nuoc_uong_dinh_duong', 390000, 'gói', 0, 'NXBGD', 1, 1),
('30', 'NẾP CẨM LÊN MEN NGÂM LÒNG ĐỎ TRỨNG GÀ TA HẠ THỔ MẸ KEN / 500ml', 'nep_cam_len_men_ngam_long_do_trung_ga_ta_ha_tho_me_ken_500gr', 'nep_cam_len_men_ngam_long_do_trung_ga_ta_ha_tho_me_ken_500gr.jpg', '<ul>\r\n	<li>*Theo Đ&ocirc;ng y, n&ecirc;́p c&acirc;̉m có tính &acirc;̉m, vị ngọt, d&ecirc;̃ ti&ecirc;u hoá và làm &acirc;́m bụng. B&ocirc;̉ sung dưỡng ch&acirc;́t sắt cho những người thi&ecirc;́u sắt, n&ecirc;́p c&acirc;̉m r&acirc;́t t&ocirc;́t với những phụ nữ mang thai. Theo nghi&ecirc;n cứu cho th&acirc;́y n&ecirc;́p c&acirc;̉m giúp làm giảm cholesterol trong máu mà kh&ocirc;ng g&acirc;y ra phản ứng phụ nào. Ăn n&ecirc;́p c&acirc;̉m thường xuy&ecirc;n giúp bạn &ocirc;̉n định huy&ecirc;́t áp. Trong gạo n&ecirc;́p cẩm có chứa hoạt ch&acirc;́t lovastatine và egosterol giúp hạn ch&ecirc;́ tình trạng tai bi&ecirc;́n tim mạch và làm tái tạo mạch máu cho các b&ecirc;̣nh nh&acirc;n sau khi ph&acirc;̃u thu&acirc;̣t tai bi&ecirc;́n mạch máu não. Đ&ocirc;̀ng thời, sử dụng gạo n&ecirc;́p c&acirc;̉m kh&ocirc;ng g&acirc;y phản ứng phụ và ảnh hưởng đ&ecirc;́n huy&ecirc;́t áp. Ngo&agrave;i ra c&ograve;n được d&ugrave;ng làm đẹp r&acirc;́t hi&ecirc;̣u quả, l&agrave; mặt nạ tạo đ&ocirc;̣ &acirc;̉m và phục h&ocirc;̀i da bị t&ocirc;̉n thương l&agrave;m hồng mịn da, l&agrave;m giảm n&aacute;m, t&agrave;n nhang. Vì trong n&ecirc;́p c&acirc;̉m l&ecirc;n men có chứa nhóm vitamin B và các ch&acirc;́t có lợi khác.</li>\r\n	<li>*TH&Agrave;NH PHẦN: nếp cẩm l&ecirc;n men nh&agrave; l&agrave;m, l&ograve;ng đỏ trứng g&agrave; ta tươi 100%. Đ&atilde; được hạ thổ đủ 100 ng&agrave;y</li>\r\n	<li>*C&Ocirc;NG DỤNG: d&ugrave;ng để cho c&aacute;c sản phụ uống bổi bổ sau sinh, ngo&agrave;i ra cho c&aacute;c b&eacute;, người gi&agrave; uống bổ m&aacute;u, lưu th&ocirc;ng kh&iacute; huyết, phục hồi năng lượng, tốt cho sức khỏe.</li>\r\n	<li>Ngo&agrave;i ra c&ograve;n d&ugrave;ng để đắp mặt dưỡng đẹp da, l&agrave;m giảm n&aacute;m, t&agrave;n nhang, l&agrave;m hồng mịn da, se lỗ ch&acirc;n l&ocirc;ng</li>\r\n	<li>*C&Aacute;CH DỤNG:</li>\r\n	<li>- Uống h&agrave;ng ng&agrave;y, mỗi lần 20ml. 2 lần/ng&agrave;y.</li>\r\n	<li>- Đắp mặt: đắp 1 lớp mỏng l&ecirc;n mặt, từ 30 &ndash; 45&rsquo;/lần. 3 lần/tuần.</li>\r\n	<li>♻*BẢO QUẢN: Nơi kh&ocirc; r&aacute;o, tho&aacute;ng m&aacute;t, tr&aacute;nh ẩm v&agrave; tr&aacute;nh &aacute;nh nắng chiếu trực tiếp v&agrave;o sản phẩm.</li>\r\n	<li>⏳*HSD: 24 th&aacute;ng kể từ ng&agrave;y mở nắp. Lưu &yacute; đậy k&iacute;n nắp sau khi sử dụng. Fanpage: V&igrave; t&ocirc;i đẹp</li>\r\n</ul>\r\n', 50, 'nuoc_uong_dinh_duong', 650000, 'hủ', 0, 'MEKENHANOI', 1, 1),
('31', 'NẾP CẨM LÊN MEN NGÂM LÒNG ĐỎ TRỨNG GÀ TA HẠ THỔ MẸ KEN / 1 LÍT', 'nep_cam_len_men_ngam_long_do_trung_ga_ta_ha_tho_me_ken_1lit', 'nep_cam_len_men_ngam_long_do_trung_ga_ta_ha_tho_me_ken_1lit.jpg', '<ul>\r\n	<li>*Theo Đ&ocirc;ng y, n&ecirc;́p c&acirc;̉m có tính &acirc;̉m, vị ngọt, d&ecirc;̃ ti&ecirc;u hoá và làm &acirc;́m bụng. B&ocirc;̉ sung dưỡng ch&acirc;́t sắt cho những người thi&ecirc;́u sắt, n&ecirc;́p c&acirc;̉m r&acirc;́t t&ocirc;́t với những phụ nữ mang thai. Theo nghi&ecirc;n cứu cho th&acirc;́y n&ecirc;́p c&acirc;̉m giúp làm giảm cholesterol trong máu mà kh&ocirc;ng g&acirc;y ra phản ứng phụ nào. Ăn n&ecirc;́p c&acirc;̉mthường xuy&ecirc;n giúp bạn &ocirc;̉n định huy&ecirc;́t áp. Trong gạo n&ecirc;́p cẩm có chứa hoạt ch&acirc;́t lovastatine và egosterol giúp hạn ch&ecirc;́ tình trạng tai bi&ecirc;́n tim mạch và làm tái tạo mạch máu cho các b&ecirc;̣nh nh&acirc;n sau khi ph&acirc;̃u thu&acirc;̣t tai bi&ecirc;́n mạch máu não. Đ&ocirc;̀ng thời, sử dụng gạo n&ecirc;́p c&acirc;̉m kh&ocirc;ng g&acirc;y phản ứng phụ và ảnh hưởng đ&ecirc;́n huy&ecirc;́t áp. Ngo&agrave;i ra c&ograve;n được d&ugrave;ng làm đẹp r&acirc;́t hi&ecirc;̣u quả, l&agrave; mặt nạ tạo đ&ocirc;̣ &acirc;̉m và phục h&ocirc;̀i da bị t&ocirc;̉n thương l&agrave;m hồng mịn da, l&agrave;m giảm n&aacute;m, t&agrave;n nhang. Vì trong n&ecirc;́p c&acirc;̉m l&ecirc;n men có chứa nhóm vitamin B và các ch&acirc;́t có lợi khác.</li>\r\n	<li>*TH&Agrave;NH PHẦN: nếp cẩm l&ecirc;n men nh&agrave; l&agrave;m, l&ograve;ng đỏ trứng g&agrave; ta tươi 100%. Đ&atilde; được hạ thổ đủ 100 ng&agrave;y</li>\r\n	<li>*C&Ocirc;NG DỤNG: d&ugrave;ng để cho c&aacute;c sản phụ uống bổi bổ sau sinh, ngo&agrave;i ra cho c&aacute;c b&eacute;, người gi&agrave; uống bổ m&aacute;u, lưu th&ocirc;ng kh&iacute; huyết, phục hồi năng lượng, tốt cho sức khỏe.</li>\r\n	<li>Ngo&agrave;i ra c&ograve;n d&ugrave;ng để đắp mặt dưỡng đẹp da, l&agrave;m giảm n&aacute;m, t&agrave;n nhang, l&agrave;m hồng mịn da, se lỗ ch&acirc;n l&ocirc;ng</li>\r\n	<li>*C&Aacute;CH DỤNG:</li>\r\n	<li>- Uống h&agrave;ng ng&agrave;y, mỗi lần 20ml. 2 lần/ng&agrave;y.</li>\r\n	<li>- Đắp mặt: đắp 1 lớp mỏng l&ecirc;n mặt, từ 30 &ndash; 45&rsquo;/lần. 3 lần/tuần.</li>\r\n	<li>♻*BẢO QUẢN: Nơi kh&ocirc; r&aacute;o, tho&aacute;ng m&aacute;t, tr&aacute;nh ẩm v&agrave; tr&aacute;nh &aacute;nh nắng chiếu trực tiếp v&agrave;o sản phẩm.</li>\r\n	<li>⏳*HSD: 24 th&aacute;ng kể từ ng&agrave;y mở nắp. Lưu &yacute; đậy k&iacute;n nắp sau khi sử dụng. Fanpage: V&igrave; t&ocirc;i đẹp</li>\r\n</ul>\r\n', 50, 'nuoc_uong_dinh_duong', 1200000, 'hủ', 0, 'MEKENHANOI', 1, 1),
('32', 'TRỨNG GÀ HẠ THỔ MẸ KEN / 1L', 'trung_ga_he_tho_me_ken_1lit', 'trung_ga_he_tho_me_ken_1lit.jpg', '<ul>\r\n	<li>L&agrave; loại mặt nạ si&ecirc;u l&agrave;nh t&iacute;nh v&agrave; ph&ugrave; hợp với c&aacute;c loại da. Mịn mướt ngay sau khi đắp.</li>\r\n	<li>*TH&Agrave;NH PHẦN: L&ograve;ng đỏ trứng g&agrave;, mật ong rừng, bột s&acirc;m, bột tam thất, bột ngải cứu v&agrave; một số dược liệu qu&yacute;. Được ng&acirc;m hạ thổ đủ 100 ng&agrave;y.</li>\r\n	<li>*C&Ocirc;NG DỤNG: ngừa n&aacute;m, t&agrave;n nhang, ngừa mụn, trắng da, mịn hồng da, d&ugrave;ng để x&ocirc;ng hơ sau sinh, uống đẹp da.</li>\r\n	<li>*C&Aacute;CH D&Ugrave;NG:</li>\r\n	<li>- D&ugrave;ng x&ocirc;ng hơ sau sinh.</li>\r\n	<li>- Đắp mặt dưỡng trắng, mịn da: đắp khoảng 30 &ndash; 45&rsquo; rồi rửa nhẹ nh&agrave;ng bằng nước sạch 70%</li>\r\n	<li>- Uống đẹp da: Uống h&agrave;ng ng&agrave;y, 20ml/lần.</li>\r\n	<li>♻*BẢO QUẢN: ở nhiệt độ thường, nơi kh&ocirc; r&aacute;o, tho&aacute;ng m&aacute;t.</li>\r\n	<li>⏳*HSD: 18 th&aacute;ng Fanpage: V&igrave; t&ocirc;i đẹp</li>\r\n</ul>\r\n', 50, 'nuoc_uong_dinh_duong', 1200000, 'lọ', 0, 'MEKENHANOI', 1, 0),
('33', 'SON GẤC DỀN THIÊN NHIÊN MẸ KEN - MÀU HỒNG ĐÀO', 'son_gac_den_me_ken_mau_hong_dao', 'son_gac_den_me_ken_mau_hong_dao.jpg', '<p>*CHI TIẾT SẢN PHẨM: K&iacute;ch thước: 7,5 x 2 cm Trọng lượng hộp 24gr. Khối lượng tịnh :5gr *TH&Agrave;NH PHẦN: Tinh dầu c&agrave; rốt, tinh dền, tinh gấc, dầu bơ, bơ shea, dầu hạnh nh&acirc;n, dầu nho, dầu c&aacute;m gạo, dầu argan, dầu olive, s&aacute;p ong, dầu dừa, vitamin E, ... *C&Ocirc;NG DỤNG: Chống th&acirc;m, trị th&acirc;m, dưỡng ẩm, mềm mướt với th&agrave;nh phần cực cao của tinh dầu c&aacute;m gạo, hạnh nh&acirc;n, jojoba, tinh gấc, dền, ... Chống nắng tự nhi&ecirc;n, gi&uacute;p son bạn đ&aacute;nh ngo&agrave;i l&ecirc;n m&agrave;u chuẩn nhất M&ocirc;i thơm ngọt ng&agrave;o với m&ugrave;i thơm tự nhi&ecirc;n của c&aacute;c loại dầu nho, dừa ♻*BẢO QUẢN: b&ecirc;n ngo&agrave;i nhiệt độ thường, nơi tho&aacute;ng m&aacute;t ⏳*HẠN D&Ugrave;NG: 1 năm kể từ ng&agrave;y sản xuất *LƯU &Yacute; KHI SỬ DỤNG SON THI&Ecirc;N NHI&Ecirc;N KH&Ocirc;NG CH&Igrave;: - C&oacute; một số kh&aacute;ch h&agrave;ng D&Ugrave;NG H&Agrave;NG THI&Ecirc;N NHI&Ecirc;N nhưng kh&ocirc;ng thực sự hiểu về h&agrave;ng Thi&ecirc;n Nhi&ecirc;n. - Họ d&ugrave;ng Son dưỡng, Son l&agrave;m giảm th&acirc;m, họ y&ecirc;u cầu kh&ocirc;ng ch&igrave;, kh&ocirc;ng th&acirc;m m&ocirc;i nhưng lại đ&ograve;i hỏi giữ m&agrave;u L&Acirc;U, L&Igrave;, KH&Ocirc;NG B&Oacute;NG, điều đ&oacute; l&agrave; kh&ocirc;ng thể đối với SON MẸ KEN, muốn được vậy phải cho h&oacute;a chất v&agrave;o, m&agrave; MK th&igrave; nhất quyết n&oacute;i kh&ocirc;ng với m&agrave;u h&oacute;a học v&agrave; chất độc hại. - Khi kh&aacute;ch đ&atilde; d&ugrave;ng SON HO&Agrave;N TO&Agrave;N THI&Ecirc;N NHI&Ecirc;N, gi&aacute; mềm, l&agrave;m thủ c&ocirc;ng, kh&ocirc;ng thể đ&ograve;i hỏi Son phải chuẩn như h&agrave;ng hiệu được. Nếu l&agrave;m cho son mịn đều v&agrave; lần n&agrave;o cũng như lần n&agrave;o th&igrave; rất kh&oacute; l&agrave;m được do l&agrave;m thủ c&ocirc;ng, kh&ocirc;ng h&oacute;a chất, kh&ocirc;ng m&aacute;y m&oacute;c căn chỉnh. Sản phẩm được chấp nhận v&agrave; tồn tại đến h&ocirc;m nay l&agrave; nỗ lực kh&ocirc;ng ngừng của Mẹ Ken.</p>\r\n', 100, 'son_thoi', 150000, 'thỏi', 0, 'MEKENHANOI', 1, 1),
('34', 'SON GẤC DỀN THIÊN NHIÊN MẸ KEN - MÀU NUDE', 'son_gac_den_thien_nhien_me_ken_mau_nude', 'son_gac_den_thien_nhien_me_ken_mau_nude.jpg', '<ul>\r\n	<li>*CHI TIẾT SẢN PHẨM: K&iacute;ch thước: 7,5 x 2 cm Trọng lượng hộp 24gr. Khối lượng tịnh :5gr<br />\r\n	*TH&Agrave;NH PHẦN: Tinh dầu c&agrave; rốt, tinh dền, tinh gấc, dầu bơ, bơ shea, dầu hạnh nh&acirc;n, dầu nho, dầu c&aacute;m gạo, dầu argan, dầu olive, s&aacute;p ong, dầu dừa, vitamin E, ...<br />\r\n	*C&Ocirc;NG DỤNG:<br />\r\n	Chống th&acirc;m, trị th&acirc;m, dưỡng ẩm, mềm mướt với th&agrave;nh phần cực cao của tinh dầu c&aacute;m gạo, hạnh nh&acirc;n, jojoba, tinh gấc, dền, ...<br />\r\n	Chống nắng tự nhi&ecirc;n, gi&uacute;p son bạn đ&aacute;nh ngo&agrave;i l&ecirc;n m&agrave;u chuẩn nhất<br />\r\n	M&ocirc;i thơm ngọt ng&agrave;o với m&ugrave;i thơm tự nhi&ecirc;n của c&aacute;c loại dầu nho, dừa<br />\r\n	♻*BẢO QUẢN: b&ecirc;n ngo&agrave;i nhiệt độ thường, nơi tho&aacute;ng m&aacute;t<br />\r\n	⏳*HẠN D&Ugrave;NG: 1 năm kể từ ng&agrave;y sản xuất<br />\r\n	*LƯU &Yacute; KHI SỬ DỤNG SON THI&Ecirc;N NHI&Ecirc;N KH&Ocirc;NG CH&Igrave;:<br />\r\n	- C&oacute; một số kh&aacute;ch h&agrave;ng D&Ugrave;NG H&Agrave;NG THI&Ecirc;N NHI&Ecirc;N nhưng kh&ocirc;ng thực sự hiểu về h&agrave;ng Thi&ecirc;n Nhi&ecirc;n.<br />\r\n	- Họ d&ugrave;ng Son dưỡng, Son l&agrave;m giảm th&acirc;m, họ y&ecirc;u cầu kh&ocirc;ng ch&igrave;, kh&ocirc;ng th&acirc;m m&ocirc;i nhưng lại đ&ograve;i hỏi giữ m&agrave;u L&Acirc;U, L&Igrave;, KH&Ocirc;NG B&Oacute;NG, điều đ&oacute; l&agrave; kh&ocirc;ng thể đối với SON MẸ KEN, muốn được vậy phải cho h&oacute;a chất v&agrave;o, m&agrave; MK th&igrave; nhất quyết n&oacute;i kh&ocirc;ng với m&agrave;u h&oacute;a học v&agrave; chất độc hại.<br />\r\n	- Khi kh&aacute;ch đ&atilde; d&ugrave;ng SON HO&Agrave;N TO&Agrave;N THI&Ecirc;N NHI&Ecirc;N, gi&aacute; mềm, l&agrave;m thủ c&ocirc;ng, kh&ocirc;ng thể đ&ograve;i hỏi Son phải chuẩn như h&agrave;ng hiệu được. Nếu l&agrave;m cho son mịn đều v&agrave; lần n&agrave;o cũng như lần n&agrave;o th&igrave; rất kh&oacute; l&agrave;m được do l&agrave;m thủ c&ocirc;ng, kh&ocirc;ng h&oacute;a chất, kh&ocirc;ng m&aacute;y m&oacute;c căn chỉnh. Sản phẩm được chấp nhận v&agrave; tồn tại đến h&ocirc;m nay l&agrave; nỗ lực kh&ocirc;ng ngừng của Mẹ Ken.</li>\r\n</ul>\r\n', 100, 'son_thoi', 150000, 'thỏi', 0, 'MEKENHANOI', 1, 1),
('35', 'SON GẤC DỀN THIÊN NHIÊN MẸ KEN - MÀU CÀ CHUA', 'son_gac_den_thien_nhien_me_ken_mau_ca_chua', 'son_gac_den_thien_nhien_me_ken_mau_ca_chua.jpg', '<p>*CHI TIẾT SẢN PHẨM: K&iacute;ch thước: 7,5 x 2 cm Trọng lượng hộp 24gr. Khối lượng tịnh :5gr<br />\r\n*TH&Agrave;NH PHẦN: Tinh dầu c&agrave; rốt, tinh dền, tinh gấc, dầu bơ, bơ shea, dầu hạnh nh&acirc;n, dầu nho, dầu c&aacute;m gạo, dầu argan, dầu olive, s&aacute;p ong, dầu dừa, vitamin E, ...<br />\r\n*C&Ocirc;NG DỤNG:<br />\r\nChống th&acirc;m, trị th&acirc;m, dưỡng ẩm, mềm mướt với th&agrave;nh phần cực cao của tinh dầu c&aacute;m gạo, hạnh nh&acirc;n, jojoba, tinh gấc, dền, ...<br />\r\nChống nắng tự nhi&ecirc;n, gi&uacute;p son bạn đ&aacute;nh ngo&agrave;i l&ecirc;n m&agrave;u chuẩn nhất<br />\r\nM&ocirc;i thơm ngọt ng&agrave;o với m&ugrave;i thơm tự nhi&ecirc;n của c&aacute;c loại dầu nho, dừa<br />\r\n♻*BẢO QUẢN: b&ecirc;n ngo&agrave;i nhiệt độ thường, nơi tho&aacute;ng m&aacute;t<br />\r\n⏳*HẠN D&Ugrave;NG: 1 năm kể từ ng&agrave;y sản xuất<br />\r\n*LƯU &Yacute; KHI SỬ DỤNG SON THI&Ecirc;N NHI&Ecirc;N KH&Ocirc;NG CH&Igrave;:<br />\r\n- C&oacute; một số kh&aacute;ch h&agrave;ng D&Ugrave;NG H&Agrave;NG THI&Ecirc;N NHI&Ecirc;N nhưng kh&ocirc;ng thực sự hiểu về h&agrave;ng Thi&ecirc;n Nhi&ecirc;n.<br />\r\n- Họ d&ugrave;ng Son dưỡng, Son l&agrave;m giảm th&acirc;m, họ y&ecirc;u cầu kh&ocirc;ng ch&igrave;, kh&ocirc;ng th&acirc;m m&ocirc;i nhưng lại đ&ograve;i hỏi giữ m&agrave;u L&Acirc;U, L&Igrave;, KH&Ocirc;NG B&Oacute;NG, điều đ&oacute; l&agrave; kh&ocirc;ng thể đối với SON MẸ KEN, muốn được vậy phải cho h&oacute;a chất v&agrave;o, m&agrave; MK th&igrave; nhất quyết n&oacute;i kh&ocirc;ng với m&agrave;u h&oacute;a học v&agrave; chất độc hại.<br />\r\n- Khi kh&aacute;ch đ&atilde; d&ugrave;ng SON HO&Agrave;N TO&Agrave;N THI&Ecirc;N NHI&Ecirc;N, gi&aacute; mềm, l&agrave;m thủ c&ocirc;ng, kh&ocirc;ng thể đ&ograve;i hỏi Son phải chuẩn như h&agrave;ng hiệu được. Nếu l&agrave;m cho son mịn đều v&agrave; lần n&agrave;o cũng như lần n&agrave;o th&igrave; rất kh&oacute; l&agrave;m được do l&agrave;m thủ c&ocirc;ng, kh&ocirc;ng h&oacute;a chất, kh&ocirc;ng m&aacute;y m&oacute;c căn chỉnh. Sản phẩm được chấp nhận v&agrave; tồn tại đến h&ocirc;m nay l&agrave; nỗ lực kh&ocirc;ng ngừng của Mẹ Ken.</p>\r\n', 100, 'son_thoi', 150000, 'thỏi', 0, 'MEKENHANOI', 1, 1),
('36', 'SON GẤC DỀN THIÊN NHIÊN MẸ KEN - MÀU HỒNG SEN\r\n', 'son_gac_den_me_ken_mau_hong_sen', 'son_gac_den_me_ken_mau_hong_sen.jpg', '<ul>\r\n	<li>*CHI TIẾT SẢN PHẨM: K&iacute;ch thước: 7,5 x 2 cm Trọng lượng hộp 24gr. Khối lượng tịnh :5gr</li>\r\n	<li>*TH&Agrave;NH PHẦN: Tinh dầu c&agrave; rốt, tinh dền, tinh gấc, dầu bơ, bơ shea, dầu hạnh nh&acirc;n, dầu nho, dầu c&aacute;m gạo, dầu argan, dầu olive, s&aacute;p ong, dầu dừa, vitamin E, ...</li>\r\n	<li>*C&Ocirc;NG DỤNG:</li>\r\n	<li>Chống th&acirc;m, trị th&acirc;m, dưỡng ẩm, mềm mướt với th&agrave;nh phần cực cao của tinh dầu c&aacute;m gạo, hạnh nh&acirc;n, jojoba, tinh gấc, dền, ...</li>\r\n	<li>Chống nắng tự nhi&ecirc;n, gi&uacute;p son bạn đ&aacute;nh ngo&agrave;i l&ecirc;n m&agrave;u chuẩn nhất</li>\r\n	<li>M&ocirc;i thơm ngọt ng&agrave;o với m&ugrave;i thơm tự nhi&ecirc;n của c&aacute;c loại dầu nho, dừa</li>\r\n	<li>♻*BẢO QUẢN: b&ecirc;n ngo&agrave;i nhiệt độ thường, nơi tho&aacute;ng m&aacute;t</li>\r\n	<li>⏳*HẠN D&Ugrave;NG: 1 năm kể từ ng&agrave;y sản xuất</li>\r\n	<li>*LƯU &Yacute; KHI SỬ DỤNG SON THI&Ecirc;N NHI&Ecirc;N KH&Ocirc;NG CH&Igrave;:</li>\r\n	<li>- C&oacute; một số kh&aacute;ch h&agrave;ng D&Ugrave;NG H&Agrave;NG THI&Ecirc;N NHI&Ecirc;N nhưng kh&ocirc;ng thực sự hiểu về h&agrave;ng Thi&ecirc;n Nhi&ecirc;n.</li>\r\n	<li>- Họ d&ugrave;ng Son dưỡng, Son l&agrave;m giảm th&acirc;m, họ y&ecirc;u cầu kh&ocirc;ng ch&igrave;, kh&ocirc;ng th&acirc;m m&ocirc;i nhưng lại đ&ograve;i hỏi giữ m&agrave;u L&Acirc;U, L&Igrave;, KH&Ocirc;NG B&Oacute;NG, điều đ&oacute; l&agrave; kh&ocirc;ng thể đối với SON MẸ KEN, muốn được vậy phải cho h&oacute;a chất v&agrave;o, m&agrave; MK th&igrave; nhất quyết n&oacute;i kh&ocirc;ng với m&agrave;u h&oacute;a học v&agrave; chất độc hại.</li>\r\n	<li>- Khi kh&aacute;ch đ&atilde; d&ugrave;ng SON HO&Agrave;N TO&Agrave;N THI&Ecirc;N NHI&Ecirc;N, gi&aacute; mềm, l&agrave;m thủ c&ocirc;ng, kh&ocirc;ng thể đ&ograve;i hỏi Son phải chuẩn như h&agrave;ng hiệu được. Nếu l&agrave;m cho son mịn đều v&agrave; lần n&agrave;o cũng như lần n&agrave;o th&igrave; rất kh&oacute; l&agrave;m được do l&agrave;m thủ c&ocirc;ng, kh&ocirc;ng h&oacute;a chất, kh&ocirc;ng m&aacute;y m&oacute;c căn chỉnh. Sản phẩm được chấp nhận v&agrave; tồn tại đến h&ocirc;m nay l&agrave; nỗ lực kh&ocirc;ng ngừng của Mẹ Ken.</li>\r\n</ul>\r\n', 100, 'son_thoi', 150000, 'thỏi', 0, 'MEKENHANOI', 1, 1),
('37', 'SON GẤC DỀN THIÊN NHIÊN MẸ KEN - MÀU ĐỎ CAM', 'son_gac_thien_nhien_me_ken_mau_do_cam', 'son_gac_thien_nhien_me_ken_mau_do_cam.jpg', '<ul>\r\n	<li>*CHI TIẾT SẢN PHẨM: K&iacute;ch thước: 7,5 x 2 cm Trọng lượng hộp 24gr. Khối lượng tịnh :5gr</li>\r\n	<li>*TH&Agrave;NH PHẦN: Tinh dầu c&agrave; rốt, tinh dền, tinh gấc, dầu bơ, bơ shea, dầu hạnh nh&acirc;n, dầu nho, dầu c&aacute;m gạo, dầu argan, dầu olive, s&aacute;p ong, dầu dừa, vitamin E, ...</li>\r\n	<li>*C&Ocirc;NG DỤNG:</li>\r\n	<li>Chống th&acirc;m, trị th&acirc;m, dưỡng ẩm, mềm mướt với th&agrave;nh phần cực cao của tinh dầu c&aacute;m gạo, hạnh nh&acirc;n, jojoba, tinh gấc, dền, ...</li>\r\n	<li>Chống nắng tự nhi&ecirc;n, gi&uacute;p son bạn đ&aacute;nh ngo&agrave;i l&ecirc;n m&agrave;u chuẩn nhất</li>\r\n	<li>M&ocirc;i thơm ngọt ng&agrave;o với m&ugrave;i thơm tự nhi&ecirc;n của c&aacute;c loại dầu nho, dừa</li>\r\n	<li>♻*BẢO QUẢN: b&ecirc;n ngo&agrave;i nhiệt độ thường, nơi tho&aacute;ng m&aacute;t</li>\r\n	<li>⏳*HẠN D&Ugrave;NG: 1 năm kể từ ng&agrave;y sản xuất</li>\r\n	<li>*LƯU &Yacute; KHI SỬ DỤNG SON THI&Ecirc;N NHI&Ecirc;N KH&Ocirc;NG CH&Igrave;:</li>\r\n	<li>- C&oacute; một số kh&aacute;ch h&agrave;ng D&Ugrave;NG H&Agrave;NG THI&Ecirc;N NHI&Ecirc;N nhưng kh&ocirc;ng thực sự hiểu về h&agrave;ng Thi&ecirc;n Nhi&ecirc;n.</li>\r\n	<li>- Họ d&ugrave;ng Son dưỡng, Son l&agrave;m giảm th&acirc;m, họ y&ecirc;u cầu kh&ocirc;ng ch&igrave;, kh&ocirc;ng th&acirc;m m&ocirc;i nhưng lại đ&ograve;i hỏi giữ m&agrave;u L&Acirc;U, L&Igrave;, KH&Ocirc;NG B&Oacute;NG, điều đ&oacute; l&agrave; kh&ocirc;ng thể đối với SON MẸ KEN, muốn được vậy phải cho h&oacute;a chất v&agrave;o, m&agrave; MK th&igrave; nhất quyết n&oacute;i kh&ocirc;ng với m&agrave;u h&oacute;a học v&agrave; chất độc hại.</li>\r\n	<li>- Khi kh&aacute;ch đ&atilde; d&ugrave;ng SON HO&Agrave;N TO&Agrave;N THI&Ecirc;N NHI&Ecirc;N, gi&aacute; mềm, l&agrave;m thủ c&ocirc;ng, kh&ocirc;ng thể đ&ograve;i hỏi Son phải chuẩn như h&agrave;ng hiệu được. Nếu l&agrave;m cho son mịn đều v&agrave; lần n&agrave;o cũng như lần n&agrave;o th&igrave; rất kh&oacute; l&agrave;m được do l&agrave;m thủ c&ocirc;ng, kh&ocirc;ng h&oacute;a chất, kh&ocirc;ng m&aacute;y m&oacute;c căn chỉnh. Sản phẩm được chấp nhận v&agrave; tồn tại đến h&ocirc;m nay l&agrave; nỗ lực kh&ocirc;ng ngừng của Mẹ Ken.</li>\r\n</ul>\r\n', 100, 'son_thoi', 150000, 'thỏi', 0, 'MEKENHANOI', 1, 1),
('38', 'Ủ MÔI GẤC DỀN ĐẶC BIỆT - SIÊU DƯỠNG MẸ KEN', 'u_moi_gac_den_dac_biet_sieu_duong_me_ken', 'u_moi_gac_den_dac_biet_sieu_duong_me_ken.jpg', '<ul>\r\n	<li>*TH&Agrave;NH PHẦN: s&aacute;p ong rừng, bơ hạt mở, bơ cacao, bơ xo&agrave;i, mật ong rừng, tinh nghệ, tinh gấc, củ dền, dầu bơ, hạnh nh&acirc;n, dừa, dầu hạt nho, vị nho, jojoba..</li>\r\n	<li>*C&Ocirc;NG DỤNG:</li>\r\n	<li>- Th&agrave;nh phần ho&agrave;n to&agrave;n tự nhi&ecirc;n l&agrave;m m&ocirc;i hồng nhẹ nh&agrave;ng, mang đến cho bạn đ&ocirc;i m&ocirc;i khỏe khoắn, sắc hồng tự nhi&ecirc;n.</li>\r\n	<li>- Hỗ trợ hiệu quả cho đ&ocirc;i m&ocirc;i bạn khi gặp c&aacute;c vấn đề như bị nứt nẻ, bong tr&oacute;c da, m&ocirc;i th&acirc;m do nắng, th&acirc;m do sử dụng c&aacute;c h&oacute;a chất.</li>\r\n	<li>- L&agrave; lớp nền tuyệt vời bảo vệ đ&ocirc;i m&ocirc;i bạn khỏi kh&oacute;i bụi, nắng v&agrave; h&oacute;a chất.</li>\r\n	<li>- Ph&ugrave; hợp với kh&aacute;ch mới phun xăm, dưỡng m&ocirc;i hồng h&agrave;o</li>\r\n	<li>♻*BẢO QUẢN: b&ecirc;n ngo&agrave;i nhiệt độ thường, nơi tho&aacute;ng m&aacute;t</li>\r\n	<li>⏳*HẠN D&Ugrave;NG: 1 năm kể từ ng&agrave;y sản xuất</li>\r\n</ul>\r\n', 100, 'cham_soc_da_mat', 140000, 'hủ', 0, 'MEKENHANOI', 1, 3),
('39', 'SON GẤC DỀN THIÊN NHIÊN MẸ KEN - MÀU HỒNG BABY', 'son_gac_den_thien_nhien_me_ken_mau_hong_baby', 'son_gac_den_thien_nhien_me_ken_mau_hong_baby.jpg', '<ul>\r\n	<li>*CHI TIẾT SẢN PHẨM: K&iacute;ch thước: 7,5 x 2 cm Trọng lượng hộp 24gr. Khối lượng tịnh :5gr</li>\r\n	<li>*TH&Agrave;NH PHẦN: Tinh dầu c&agrave; rốt, tinh dền, tinh gấc, dầu bơ, bơ shea, dầu hạnh nh&acirc;n, dầu nho, dầu c&aacute;m gạo, dầu argan, dầu olive, s&aacute;p ong, dầu dừa, vitamin E, ...</li>\r\n	<li>*C&Ocirc;NG DỤNG:</li>\r\n	<li>Chống th&acirc;m, trị th&acirc;m, dưỡng ẩm, mềm mướt với th&agrave;nh phần cực cao của tinh dầu c&aacute;m gạo, hạnh nh&acirc;n, jojoba, tinh gấc, dền, ...</li>\r\n	<li>Chống nắng tự nhi&ecirc;n, gi&uacute;p son bạn đ&aacute;nh ngo&agrave;i l&ecirc;n m&agrave;u chuẩn nhất</li>\r\n	<li>M&ocirc;i thơm ngọt ng&agrave;o với m&ugrave;i thơm tự nhi&ecirc;n của c&aacute;c loại dầu nho, dừa</li>\r\n	<li>♻*BẢO QUẢN: b&ecirc;n ngo&agrave;i nhiệt độ thường, nơi tho&aacute;ng m&aacute;t</li>\r\n	<li>⏳*HẠN D&Ugrave;NG: 1 năm kể từ ng&agrave;y sản xuất</li>\r\n	<li>*LƯU &Yacute; KHI SỬ DỤNG SON THI&Ecirc;N NHI&Ecirc;N KH&Ocirc;NG CH&Igrave;:</li>\r\n	<li>- C&oacute; một số kh&aacute;ch h&agrave;ng D&Ugrave;NG H&Agrave;NG THI&Ecirc;N NHI&Ecirc;N nhưng kh&ocirc;ng thực sự hiểu về h&agrave;ng Thi&ecirc;n Nhi&ecirc;n.</li>\r\n	<li>- Họ d&ugrave;ng Son dưỡng, Son l&agrave;m giảm th&acirc;m, họ y&ecirc;u cầu kh&ocirc;ng ch&igrave;, kh&ocirc;ng th&acirc;m m&ocirc;i nhưng lại đ&ograve;i hỏi giữ m&agrave;u L&Acirc;U, L&Igrave;, KH&Ocirc;NG B&Oacute;NG, điều đ&oacute; l&agrave; kh&ocirc;ng thể đối với SON MẸ KEN, muốn được vậy phải cho h&oacute;a chất v&agrave;o, m&agrave; MK th&igrave; nhất quyết n&oacute;i kh&ocirc;ng với m&agrave;u h&oacute;a học v&agrave; chất độc hại.</li>\r\n	<li>- Khi kh&aacute;ch đ&atilde; d&ugrave;ng SON HO&Agrave;N TO&Agrave;N THI&Ecirc;N NHI&Ecirc;N, gi&aacute; mềm, l&agrave;m thủ c&ocirc;ng, kh&ocirc;ng thể đ&ograve;i hỏi Son phải chuẩn như h&agrave;ng hiệu được. Nếu l&agrave;m cho son mịn đều v&agrave; lần n&agrave;o cũng như lần n&agrave;o th&igrave; rất kh&oacute; l&agrave;m được do l&agrave;m thủ c&ocirc;ng, kh&ocirc;ng h&oacute;a chất, kh&ocirc;ng m&aacute;y m&oacute;c căn chỉnh. Sản phẩm được chấp nhận v&agrave; tồn tại đến h&ocirc;m nay l&agrave; nỗ lực kh&ocirc;ng ngừng của Mẹ Ken.</li>\r\n</ul>\r\n', 100, 'son_thoi', 150000, 'thỏi', 0, 'MEKENHANOI', 1, 1),
('40', 'SON DƯỠNG GẤC DỀN THIÊN NHIÊN MẸ KEN - DƯỠNG KHÔNG MÀU', 'son_duong_gac_den_thien_nhien_me_ken_duong_khong_mau', 'son_duong_gac_den_thien_nhien_me_ken_duong_khong_mau.jpg', '<ul>\r\n	<li>*TH&Agrave;NH PHẦN: s&aacute;p ong rừng, bơ hạt mở, bo cacao, bơ xo&agrave;i, mật ong rừng, tinh nghệ, tinh gấc, củ dền, dầu bơ, hạnh nh&acirc;n, dừa, dầu hạt nho, vị nho, jojoba..</li>\r\n	<li>*CHI TIẾT SẢN PHẨM: K&iacute;ch thước: 7,5 x 2 cm Trọng lượng hộp 24gr Khối lượng tịnh : 4gr</li>\r\n	<li>*C&Ocirc;NG DỤNG:</li>\r\n	<li>- Th&agrave;nh phần ho&agrave;n to&agrave;n tự nhi&ecirc;n l&agrave;m m&ocirc;i hồng nhẹ nh&agrave;ng, mang đến cho bạn đ&ocirc;i m&ocirc;i khỏe khoắn, sắc hồng tự nhi&ecirc;n.</li>\r\n	<li>- Hỗ trợ hiệu quả cho đ&ocirc;i m&ocirc;i bạn khi gặp c&aacute;c vấn đề như bị nứt nẻ, bong tr&oacute;c da, m&ocirc;i th&acirc;m do nắng, th&acirc;m do sử dụng c&aacute;c h&oacute;a chất.</li>\r\n	<li>- L&agrave; lớp nền tuyệt vời bảo vệ đ&ocirc;i m&ocirc;i bạn khỏi kh&oacute;i bụi, nắng v&agrave; h&oacute;a chất.</li>\r\n	<li>♻*BẢO QUẢN: b&ecirc;n ngo&agrave;i nhiệt độ thường, nơi tho&aacute;ng m&aacute;t</li>\r\n	<li>⏳*HẠN D&Ugrave;NG: 1 năm kể từ ng&agrave;y sản xuất</li>\r\n	<li>*LƯU &Yacute; KHI SỬ DỤNG SON THI&Ecirc;N NHI&Ecirc;N KH&Ocirc;NG CH&Igrave;:</li>\r\n	<li>- C&oacute; một số kh&aacute;ch h&agrave;ng D&Ugrave;NG H&Agrave;NG THI&Ecirc;N NHI&Ecirc;N nhưng kh&ocirc;ng thực sự hiểu về h&agrave;ng Thi&ecirc;n Nhi&ecirc;n.</li>\r\n	<li>- Họ d&ugrave;ng Son dưỡng, Son Trị th&acirc;m, họ y&ecirc;u cầu kh&ocirc;ng ch&igrave;, kh&ocirc;ng th&acirc;m m&ocirc;i nhưng lại đ&ograve;i hỏi giữ m&agrave;u L&Acirc;U, L&Igrave;, KH&Ocirc;NG B&Oacute;NG, điều đ&oacute; l&agrave; kh&ocirc;ng thể đối với SON MẸ KEN, muốn được vậy phải cho h&oacute;a chất v&agrave;o, m&agrave; MK th&igrave; nhất quyết n&oacute;i kh&ocirc;ng với m&agrave;u h&oacute;a học v&agrave; chất độc hại.</li>\r\n	<li>- Khi kh&aacute;ch đ&atilde; d&ugrave;ng SON HO&Agrave;N TO&Agrave;N THI&Ecirc;N NHI&Ecirc;N, gi&aacute; mềm, l&agrave;m thủ c&ocirc;ng, kh&ocirc;ng thể đ&ograve;i hỏi Son phải chuẩn như h&agrave;ng hiệu được. Nếu l&agrave;m cho son mịn đều v&agrave; lần n&agrave;o cũng như lần n&agrave;o th&igrave; rất kh&oacute; l&agrave;m được do l&agrave;m thủ c&ocirc;ng, kh&ocirc;ng h&oacute;a chất, kh&ocirc;ng m&aacute;y m&oacute;c căn chỉnh. Sản phẩm được chấp nhận v&agrave; tồn tại đến h&ocirc;m nay l&agrave; nỗ lực kh&ocirc;ng ngừng của Mẹ Ken</li>\r\n</ul>\r\n', 100, 'son_thoi', 140000, 'thỏi', 0, 'MEKENHANOI', 1, 1),
('41', 'SON GẤC DỀN THIÊN NHIÊN MẸ KEN - MÀU CAM DÂU', 'son_gac_den_me_ken_mau_cam_dau', 'son_gac_den_me_ken_mau_cam_dau.jpg', '<ul>\r\n	<li>*CHI TIẾT SẢN PHẨM: K&iacute;ch thước: 7,5 x 2 cm Trọng lượng hộp 24gr. Khối lượng tịnh :5gr</li>\r\n	<li>*TH&Agrave;NH PHẦN: Tinh dầu c&agrave; rốt, tinh dền, tinh gấc, dầu bơ, bơ shea, dầu hạnh nh&acirc;n, dầu nho, dầu c&aacute;m gạo, dầu argan, dầu olive, s&aacute;p ong, dầu dừa, vitamin E, ...</li>\r\n	<li>*C&Ocirc;NG DỤNG:</li>\r\n	<li>Chống th&acirc;m, trị th&acirc;m, dưỡng ẩm, mềm mướt với th&agrave;nh phần cực cao của tinh dầu c&aacute;m gạo, hạnh nh&acirc;n, jojoba, tinh gấc, dền, ...</li>\r\n	<li>Chống nắng tự nhi&ecirc;n, gi&uacute;p son bạn đ&aacute;nh ngo&agrave;i l&ecirc;n m&agrave;u chuẩn nhất</li>\r\n	<li>M&ocirc;i thơm ngọt ng&agrave;o với m&ugrave;i thơm tự nhi&ecirc;n của c&aacute;c loại dầu nho, dừa</li>\r\n	<li>♻*BẢO QUẢN: b&ecirc;n ngo&agrave;i nhiệt độ thường, nơi tho&aacute;ng m&aacute;t</li>\r\n	<li>⏳*HẠN D&Ugrave;NG: 1 năm kể từ ng&agrave;y sản xuất</li>\r\n	<li>*LƯU &Yacute; KHI SỬ DỤNG SON THI&Ecirc;N NHI&Ecirc;N KH&Ocirc;NG CH&Igrave;:</li>\r\n	<li>- C&oacute; một số kh&aacute;ch h&agrave;ng D&Ugrave;NG H&Agrave;NG THI&Ecirc;N NHI&Ecirc;N nhưng kh&ocirc;ng thực sự hiểu về h&agrave;ng Thi&ecirc;n Nhi&ecirc;n.</li>\r\n	<li>- Họ d&ugrave;ng Son dưỡng, Son l&agrave;m giảm th&acirc;m, họ y&ecirc;u cầu kh&ocirc;ng ch&igrave;, kh&ocirc;ng th&acirc;m m&ocirc;i nhưng lại đ&ograve;i hỏi giữ m&agrave;u L&Acirc;U, L&Igrave;, KH&Ocirc;NG B&Oacute;NG, điều đ&oacute; l&agrave; kh&ocirc;ng thể đối với SON MẸ KEN, muốn được vậy phải cho h&oacute;a chất v&agrave;o, m&agrave; MK th&igrave; nhất quyết n&oacute;i kh&ocirc;ng với m&agrave;u h&oacute;a học v&agrave; chất độc hại.</li>\r\n	<li>- Khi kh&aacute;ch đ&atilde; d&ugrave;ng SON HO&Agrave;N TO&Agrave;N THI&Ecirc;N NHI&Ecirc;N, gi&aacute; mềm, l&agrave;m thủ c&ocirc;ng, kh&ocirc;ng thể đ&ograve;i hỏi Son phải chuẩn như h&agrave;ng hiệu được. Nếu l&agrave;m cho son mịn đều v&agrave; lần n&agrave;o cũng như lần n&agrave;o th&igrave; rất kh&oacute; l&agrave;m được do l&agrave;m thủ c&ocirc;ng, kh&ocirc;ng h&oacute;a chất, kh&ocirc;ng m&aacute;y m&oacute;c căn chỉnh. Sản phẩm được chấp nhận v&agrave; tồn tại đến h&ocirc;m nay l&agrave; nỗ lực kh&ocirc;ng ngừng của Mẹ Ken.</li>\r\n</ul>\r\n', 100, 'son_thoi', 150000, 'thỏi', 0, 'MEKENHANOI', 1, 1),
('42', 'SON GẤC DỀN THIÊN NHIÊN MẸ KEN - MÀU ĐỎ CHERRY', 'son_gac_den_me_ken_mau_do_cherry', 'son_gac_den_me_ken_mau_do_cherry.jpg', '<ul>\r\n	<li>*CHI TIẾT SẢN PHẨM: K&iacute;ch thước: 7,5 x 2 cm Trọng lượng hộp 24gr. Khối lượng tịnh :5gr</li>\r\n	<li>*TH&Agrave;NH PHẦN: Tinh dầu c&agrave; rốt, tinh dền, tinh gấc, dầu bơ, bơ shea, dầu hạnh nh&acirc;n, dầu nho, dầu c&aacute;m gạo, dầu argan, dầu olive, s&aacute;p ong, dầu dừa, vitamin E, ...</li>\r\n	<li>*C&Ocirc;NG DỤNG:</li>\r\n	<li>Chống th&acirc;m, trị th&acirc;m, dưỡng ẩm, mềm mướt với th&agrave;nh phần cực cao của tinh dầu c&aacute;m gạo, hạnh nh&acirc;n, jojoba, tinh gấc, dền, ...</li>\r\n	<li>Chống nắng tự nhi&ecirc;n, gi&uacute;p son bạn đ&aacute;nh ngo&agrave;i l&ecirc;n m&agrave;u chuẩn nhất</li>\r\n	<li>M&ocirc;i thơm ngọt ng&agrave;o với m&ugrave;i thơm tự nhi&ecirc;n của c&aacute;c loại dầu nho, dừa</li>\r\n	<li>♻*BẢO QUẢN: b&ecirc;n ngo&agrave;i nhiệt độ thường, nơi tho&aacute;ng m&aacute;t</li>\r\n	<li>⏳*HẠN D&Ugrave;NG: 1 năm kể từ ng&agrave;y sản xuất</li>\r\n	<li>*LƯU &Yacute; KHI SỬ DỤNG SON THI&Ecirc;N NHI&Ecirc;N KH&Ocirc;NG CH&Igrave;:</li>\r\n	<li>- C&oacute; một số kh&aacute;ch h&agrave;ng D&Ugrave;NG H&Agrave;NG THI&Ecirc;N NHI&Ecirc;N nhưng kh&ocirc;ng thực sự hiểu về h&agrave;ng Thi&ecirc;n Nhi&ecirc;n.</li>\r\n	<li>- Họ d&ugrave;ng Son dưỡng, Son l&agrave;m giảm th&acirc;m, họ y&ecirc;u cầu kh&ocirc;ng ch&igrave;, kh&ocirc;ng th&acirc;m m&ocirc;i nhưng lại đ&ograve;i hỏi giữ m&agrave;u L&Acirc;U, L&Igrave;, KH&Ocirc;NG B&Oacute;NG, điều đ&oacute; l&agrave; kh&ocirc;ng thể đối với SON MẸ KEN, muốn được vậy phải cho h&oacute;a chất v&agrave;o, m&agrave; MK th&igrave; nhất quyết n&oacute;i kh&ocirc;ng với m&agrave;u h&oacute;a học v&agrave; chất độc hại.</li>\r\n	<li>- Khi kh&aacute;ch đ&atilde; d&ugrave;ng SON HO&Agrave;N TO&Agrave;N THI&Ecirc;N NHI&Ecirc;N, gi&aacute; mềm, l&agrave;m thủ c&ocirc;ng, kh&ocirc;ng thể đ&ograve;i hỏi Son phải chuẩn như h&agrave;ng hiệu được. Nếu l&agrave;m cho son mịn đều v&agrave; lần n&agrave;o cũng như lần n&agrave;o th&igrave; rất kh&oacute; l&agrave;m được do l&agrave;m thủ c&ocirc;ng, kh&ocirc;ng h&oacute;a chất, kh&ocirc;ng m&aacute;y m&oacute;c căn chỉnh. Sản phẩm được chấp nhận v&agrave; tồn tại đến h&ocirc;m nay l&agrave; nỗ lực kh&ocirc;ng ngừng của Mẹ Ken. Fanpage: V&igrave; t&ocirc;i đẹp</li>\r\n</ul>\r\n', 100, 'son_thoi', 150000, 'thỏi', 0, 'MEKENHANOI', 1, 1),
('43', '\r\nSON GẤC DỀN THIÊN NHIÊN MẸ KEN - MÀU ĐỎ TƯƠI', 'son_gac_den_me_ken_mau_do_tuoi', 'son_gac_den_me_ken_mau_do_tuoi.jpg', '<ul>\r\n	<li>*CHI TIẾT SẢN PHẨM: K&iacute;ch thước: 7,5 x 2 cm Trọng lượng hộp 24gr. Khối lượng tịnh :5gr<br />\r\n	*TH&Agrave;NH PHẦN: Tinh dầu c&agrave; rốt, tinh dền, tinh gấc, dầu bơ, bơ shea, dầu hạnh nh&acirc;n, dầu nho, dầu c&aacute;m gạo, dầu argan, dầu olive, s&aacute;p ong, dầu dừa, vitamin E, ...<br />\r\n	*C&Ocirc;NG DỤNG:<br />\r\n	Chống th&acirc;m, trị th&acirc;m, dưỡng ẩm, mềm mướt với th&agrave;nh phần cực cao của tinh dầu c&aacute;m gạo, hạnh nh&acirc;n, jojoba, tinh gấc, dền, ...<br />\r\n	Chống nắng tự nhi&ecirc;n, gi&uacute;p son bạn đ&aacute;nh ngo&agrave;i l&ecirc;n m&agrave;u chuẩn nhất<br />\r\n	M&ocirc;i thơm ngọt ng&agrave;o với m&ugrave;i thơm tự nhi&ecirc;n của c&aacute;c loại dầu nho, dừa<br />\r\n	♻*BẢO QUẢN: b&ecirc;n ngo&agrave;i nhiệt độ thường, nơi tho&aacute;ng m&aacute;t<br />\r\n	⏳*HẠN D&Ugrave;NG: 1 năm kể từ ng&agrave;y sản xuất<br />\r\n	*LƯU &Yacute; KHI SỬ DỤNG SON THI&Ecirc;N NHI&Ecirc;N KH&Ocirc;NG CH&Igrave;:<br />\r\n	- C&oacute; một số kh&aacute;ch h&agrave;ng D&Ugrave;NG H&Agrave;NG THI&Ecirc;N NHI&Ecirc;N nhưng kh&ocirc;ng thực sự hiểu về h&agrave;ng Thi&ecirc;n Nhi&ecirc;n.<br />\r\n	- Họ d&ugrave;ng Son dưỡng, Son l&agrave;m giảm th&acirc;m, họ y&ecirc;u cầu kh&ocirc;ng ch&igrave;, kh&ocirc;ng th&acirc;m m&ocirc;i nhưng lại đ&ograve;i hỏi giữ m&agrave;u L&Acirc;U, L&Igrave;, KH&Ocirc;NG B&Oacute;NG, điều đ&oacute; l&agrave; kh&ocirc;ng thể đối với SON MẸ KEN, muốn được vậy phải cho h&oacute;a chất v&agrave;o, m&agrave; MK th&igrave; nhất quyết n&oacute;i kh&ocirc;ng với m&agrave;u h&oacute;a học v&agrave; chất độc hại.<br />\r\n	- Khi kh&aacute;ch đ&atilde; d&ugrave;ng SON HO&Agrave;N TO&Agrave;N THI&Ecirc;N NHI&Ecirc;N, gi&aacute; mềm, l&agrave;m thủ c&ocirc;ng, kh&ocirc;ng thể đ&ograve;i hỏi Son phải chuẩn như h&agrave;ng hiệu được. Nếu l&agrave;m cho son mịn đều v&agrave; lần n&agrave;o cũng như lần n&agrave;o th&igrave; rất kh&oacute; l&agrave;m được do l&agrave;m thủ c&ocirc;ng, kh&ocirc;ng h&oacute;a chất, kh&ocirc;ng m&aacute;y m&oacute;c căn chỉnh. Sản phẩm được chấp nhận v&agrave; tồn tại đến h&ocirc;m nay l&agrave; nỗ lực kh&ocirc;ng ngừng của Mẹ Ken.</li>\r\n</ul>\r\n', 100, 'son_thoi', 150000, 'thỏi', 0, 'MEKENHANOI', 1, 1),
('44', 'SON GẤC DỀN THIÊN NHIÊN MẸ KEN - MÀU CAM ĐẤT', 'son_gac_den_me_ken_mau_cam_dat', 'son_gac_den_me_ken_mau_cam_dat.jpg', '<ul>\r\n	<li>*CHI TIẾT SẢN PHẨM: K&iacute;ch thước: 7,5 x 2 cm Trọng lượng hộp 24gr. Khối lượng tịnh :5gr</li>\r\n	<li>*TH&Agrave;NH PHẦN: Tinh dầu c&agrave; rốt, tinh dền, tinh gấc, dầu bơ, bơ shea, dầu hạnh nh&acirc;n, dầu nho, dầu c&aacute;m gạo, dầu argan, dầu olive, s&aacute;p ong, dầu dừa, vitamin E, ...</li>\r\n	<li>*C&Ocirc;NG DỤNG:</li>\r\n	<li>Chống th&acirc;m, trị th&acirc;m, dưỡng ẩm, mềm mướt với th&agrave;nh phần cực cao của tinh dầu c&aacute;m gạo, hạnh nh&acirc;n, jojoba, tinh gấc, dền, ...</li>\r\n	<li>Chống nắng tự nhi&ecirc;n, gi&uacute;p son bạn đ&aacute;nh ngo&agrave;i l&ecirc;n m&agrave;u chuẩn nhất</li>\r\n	<li>M&ocirc;i thơm ngọt ng&agrave;o với m&ugrave;i thơm tự nhi&ecirc;n của c&aacute;c loại dầu nho, dừa</li>\r\n	<li>♻*BẢO QUẢN: b&ecirc;n ngo&agrave;i nhiệt độ thường, nơi tho&aacute;ng m&aacute;t</li>\r\n	<li>⏳*HẠN D&Ugrave;NG: 1 năm kể từ ng&agrave;y sản xuất</li>\r\n	<li>*LƯU &Yacute; KHI SỬ DỤNG SON THI&Ecirc;N NHI&Ecirc;N KH&Ocirc;NG CH&Igrave;:</li>\r\n	<li>- C&oacute; một số kh&aacute;ch h&agrave;ng D&Ugrave;NG H&Agrave;NG THI&Ecirc;N NHI&Ecirc;N nhưng kh&ocirc;ng thực sự hiểu về h&agrave;ng Thi&ecirc;n Nhi&ecirc;n.</li>\r\n	<li>- Họ d&ugrave;ng Son dưỡng, Son l&agrave;m giảm th&acirc;m, họ y&ecirc;u cầu kh&ocirc;ng ch&igrave;, kh&ocirc;ng th&acirc;m m&ocirc;i nhưng lại đ&ograve;i hỏi giữ m&agrave;u L&Acirc;U, L&Igrave;, KH&Ocirc;NG B&Oacute;NG, điều đ&oacute; l&agrave; kh&ocirc;ng thể đối với SON MẸ KEN, muốn được vậy phải cho h&oacute;a chất v&agrave;o, m&agrave; MK th&igrave; nhất quyết n&oacute;i kh&ocirc;ng với m&agrave;u h&oacute;a học v&agrave; chất độc hại.</li>\r\n	<li>- Khi kh&aacute;ch đ&atilde; d&ugrave;ng SON HO&Agrave;N TO&Agrave;N THI&Ecirc;N NHI&Ecirc;N, gi&aacute; mềm, l&agrave;m thủ c&ocirc;ng, kh&ocirc;ng thể đ&ograve;i hỏi Son phải chuẩn như h&agrave;ng hiệu được. Nếu l&agrave;m cho son mịn đều v&agrave; lần n&agrave;o cũng như lần n&agrave;o th&igrave; rất kh&oacute; l&agrave;m được do l&agrave;m thủ c&ocirc;ng, kh&ocirc;ng h&oacute;a chất, kh&ocirc;ng m&aacute;y m&oacute;c căn chỉnh. Sản phẩm được chấp nhận v&agrave; tồn tại đến h&ocirc;m nay l&agrave; nỗ lực kh&ocirc;ng ngừng của Mẹ Ken.</li>\r\n</ul>\r\n', 100, 'son_thoi', 150000, 'thỏi', 0, 'MEKENHANOI', 1, 1),
('45', 'SON GẤC DỀN THIÊN NHIÊN MẸ KEN - MÀU ĐỎ CAM', 'son_gac_den_me_ken_mau_do_cam', 'son_gac_den_me_ken_mau_do_cam.jpg', '<ul>\r\n	<li>*CHI TIẾT SẢN PHẨM: K&iacute;ch thước: 7,5 x 2 cm Trọng lượng hộp 24gr. Khối lượng tịnh :5gr</li>\r\n	<li>*TH&Agrave;NH PHẦN: Tinh dầu c&agrave; rốt, tinh dền, tinh gấc, dầu bơ, bơ shea, dầu hạnh nh&acirc;n, dầu nho, dầu c&aacute;m gạo, dầu argan, dầu olive, s&aacute;p ong, dầu dừa, vitamin E, ...</li>\r\n	<li>*C&Ocirc;NG DỤNG:</li>\r\n	<li>Chống th&acirc;m, trị th&acirc;m, dưỡng ẩm, mềm mướt với th&agrave;nh phần cực cao của tinh dầu c&aacute;m gạo, hạnh nh&acirc;n, jojoba, tinh gấc, dền, ...</li>\r\n	<li>Chống nắng tự nhi&ecirc;n, gi&uacute;p son bạn đ&aacute;nh ngo&agrave;i l&ecirc;n m&agrave;u chuẩn nhất</li>\r\n	<li>M&ocirc;i thơm ngọt ng&agrave;o với m&ugrave;i thơm tự nhi&ecirc;n của c&aacute;c loại dầu nho, dừa</li>\r\n	<li>♻*BẢO QUẢN: b&ecirc;n ngo&agrave;i nhiệt độ thường, nơi tho&aacute;ng m&aacute;t</li>\r\n	<li>⏳*HẠN D&Ugrave;NG: 1 năm kể từ ng&agrave;y sản xuất</li>\r\n	<li>*LƯU &Yacute; KHI SỬ DỤNG SON THI&Ecirc;N NHI&Ecirc;N KH&Ocirc;NG CH&Igrave;:</li>\r\n	<li>- C&oacute; một số kh&aacute;ch h&agrave;ng D&Ugrave;NG H&Agrave;NG THI&Ecirc;N NHI&Ecirc;N nhưng kh&ocirc;ng thực sự hiểu về h&agrave;ng Thi&ecirc;n Nhi&ecirc;n.</li>\r\n	<li>- Họ d&ugrave;ng Son dưỡng, Son l&agrave;m giảm th&acirc;m, họ y&ecirc;u cầu kh&ocirc;ng ch&igrave;, kh&ocirc;ng th&acirc;m m&ocirc;i nhưng lại đ&ograve;i hỏi giữ m&agrave;u L&Acirc;U, L&Igrave;, KH&Ocirc;NG B&Oacute;NG, điều đ&oacute; l&agrave; kh&ocirc;ng thể đối với SON MẸ KEN, muốn được vậy phải cho h&oacute;a chất v&agrave;o, m&agrave; MK th&igrave; nhất quyết n&oacute;i kh&ocirc;ng với m&agrave;u h&oacute;a học v&agrave; chất độc hại.</li>\r\n	<li>- Khi kh&aacute;ch đ&atilde; d&ugrave;ng SON HO&Agrave;N TO&Agrave;N THI&Ecirc;N NHI&Ecirc;N, gi&aacute; mềm, l&agrave;m thủ c&ocirc;ng, kh&ocirc;ng thể đ&ograve;i hỏi Son phải chuẩn như h&agrave;ng hiệu được. Nếu l&agrave;m cho son mịn đều v&agrave; lần n&agrave;o cũng như lần n&agrave;o th&igrave; rất kh&oacute; l&agrave;m được do l&agrave;m thủ c&ocirc;ng, kh&ocirc;ng h&oacute;a chất, kh&ocirc;ng m&aacute;y m&oacute;c căn chỉnh. Sản phẩm được chấp nhận v&agrave; tồn tại đến h&ocirc;m nay l&agrave; nỗ lực kh&ocirc;ng ngừng của Mẹ Ken.</li>\r\n</ul>\r\n', 100, 'son_thoi', 150000, 'thỏi', 0, 'MEKENHANOI', 1, 1),
('46', 'SON GẤC DỀN THIÊN NHIÊN MẸ KEN - MÀU HỒNG BABY', 'son_gac_den_me_ken_mau_hong_baby', 'son_gac_den_me_ken_mau_hong_baby.jpg', '<ul>\r\n	<li>*CHI TIẾT SẢN PHẨM: K&iacute;ch thước: 7,5 x 2 cm Trọng lượng hộp 24gr. Khối lượng tịnh :5gr</li>\r\n	<li>*TH&Agrave;NH PHẦN: Tinh dầu c&agrave; rốt, tinh dền, tinh gấc, dầu bơ, bơ shea, dầu hạnh nh&acirc;n, dầu nho, dầu c&aacute;m gạo, dầu argan, dầu olive, s&aacute;p ong, dầu dừa, vitamin E, ...</li>\r\n	<li>*C&Ocirc;NG DỤNG:</li>\r\n	<li>Chống th&acirc;m, trị th&acirc;m, dưỡng ẩm, mềm mướt với th&agrave;nh phần cực cao của tinh dầu c&aacute;m gạo, hạnh nh&acirc;n, jojoba, tinh gấc, dền, ...</li>\r\n	<li>Chống nắng tự nhi&ecirc;n, gi&uacute;p son bạn đ&aacute;nh ngo&agrave;i l&ecirc;n m&agrave;u chuẩn nhất</li>\r\n	<li>M&ocirc;i thơm ngọt ng&agrave;o với m&ugrave;i thơm tự nhi&ecirc;n của c&aacute;c loại dầu nho, dừa</li>\r\n	<li>♻*BẢO QUẢN: b&ecirc;n ngo&agrave;i nhiệt độ thường, nơi tho&aacute;ng m&aacute;t</li>\r\n	<li>⏳*HẠN D&Ugrave;NG: 1 năm kể từ ng&agrave;y sản xuất</li>\r\n	<li>*LƯU &Yacute; KHI SỬ DỤNG SON THI&Ecirc;N NHI&Ecirc;N KH&Ocirc;NG CH&Igrave;:</li>\r\n	<li>- C&oacute; một số kh&aacute;ch h&agrave;ng D&Ugrave;NG H&Agrave;NG THI&Ecirc;N NHI&Ecirc;N nhưng kh&ocirc;ng thực sự hiểu về h&agrave;ng Thi&ecirc;n Nhi&ecirc;n.</li>\r\n	<li>- Họ d&ugrave;ng Son dưỡng, Son l&agrave;m giảm th&acirc;m, họ y&ecirc;u cầu kh&ocirc;ng ch&igrave;, kh&ocirc;ng th&acirc;m m&ocirc;i nhưng lại đ&ograve;i hỏi giữ m&agrave;u L&Acirc;U, L&Igrave;, KH&Ocirc;NG B&Oacute;NG, điều đ&oacute; l&agrave; kh&ocirc;ng thể đối với SON MẸ KEN, muốn được vậy phải cho h&oacute;a chất v&agrave;o, m&agrave; MK th&igrave; nhất quyết n&oacute;i kh&ocirc;ng với m&agrave;u h&oacute;a học v&agrave; chất độc hại.</li>\r\n	<li>- Khi kh&aacute;ch đ&atilde; d&ugrave;ng SON HO&Agrave;N TO&Agrave;N THI&Ecirc;N NHI&Ecirc;N, gi&aacute; mềm, l&agrave;m thủ c&ocirc;ng, kh&ocirc;ng thể đ&ograve;i hỏi Son phải chuẩn như h&agrave;ng hiệu được. Nếu l&agrave;m cho son mịn đều v&agrave; lần n&agrave;o cũng như lần n&agrave;o th&igrave; rất kh&oacute; l&agrave;m được do l&agrave;m thủ c&ocirc;ng, kh&ocirc;ng h&oacute;a chất, kh&ocirc;ng m&aacute;y m&oacute;c căn chỉnh. Sản phẩm được chấp nhận v&agrave; tồn tại đến h&ocirc;m nay l&agrave; nỗ lực kh&ocirc;ng ngừng của Mẹ Ken.</li>\r\n</ul>\r\n', 100, 'son_thoi', 150000, 'thỏi', 0, 'MEKENHANOI', 1, 1),
('47', 'SON LÌ MẸ KEN MÀU CAM CÀ RỐT', 'son_li_me_kem_mau_cam_ca_rot', 'son_li_me_kem_mau_cam_ca_rot.jpg', '<ul>\r\n	<li>Th&agrave;nh phần: S&aacute;p ong, dầu hạnh nh&acirc;n, dầu dừa, dầu &ocirc; liu, dầu nho, dầu thầu dầu, bơ, xo&agrave;i, bơ hạt mỡ, dầu bơ, vitamin E, gấc, củ dền, m&agrave;u kho&aacute;ng Hướng dẫn sử dụng: Lấy một lượng nhỏ vừa đủ, b&ocirc;i đều l&ecirc;n m&ocirc;i, Son c&oacute; độ b&aacute;m v&agrave; giữ được m&agrave;u tr&ecirc;n m&ocirc;i trong khoảng từ 5 -7h. n&ecirc;n thoa một lớp son dưỡng gấc dền Mẹ Ken trước khi đ&aacute;nh son kem. Bảng m&agrave;u: C&oacute; nhiều m&agrave;u sắc để bạn lựa chọn theo sở th&iacute;ch.⏳ HSD: 18 th&aacute;ng&nbsp;</li>\r\n</ul>\r\n', 100, 'son_long', 250000, 'thỏi', 0, 'MEKENHANOI', 1, 1),
('48', 'SON LÌ MẸ KEN MÀU HỒNG ĐÀO', 'son_li_me_kem_mau_hong_dao', 'son_li_me_kem_mau_hong_dao.jpg', '<ul>\r\n	<li>Th&agrave;nh phần: S&aacute;p ong, dầu hạnh nh&acirc;n, dầu dừa, dầu &ocirc; liu, dầu nho, dầu thầu dầu, bơ, xo&agrave;i, bơ hạt mỡ, dầu bơ, vitamin E, gấc, củ dền, m&agrave;u kho&aacute;ng Hướng dẫn sử dụng: Lấy một lượng nhỏ vừa đủ, b&ocirc;i đều l&ecirc;n m&ocirc;i, Son c&oacute; độ b&aacute;m v&agrave; giữ được m&agrave;u tr&ecirc;n m&ocirc;i trong khoảng từ 5 -7h. n&ecirc;n thoa một lớp son dưỡng gấc dền Mẹ Ken trước khi đ&aacute;nh son kem. Bảng m&agrave;u: C&oacute; nhiều m&agrave;u sắc để bạn lựa chọn theo sở th&iacute;ch.⏳ HSD: 18 th&aacute;ng Fanpage: V&igrave; t&ocirc;i đẹp</li>\r\n</ul>\r\n', 100, 'son_long', 250000, 'thỏi', 0, 'MEKENHANOI', 1, 3),
('49', 'SON LÌ MẸ KEN MÀU HỒNG BABY', 'son_li_me_kem_mau_hong_baby', 'son_li_me_kem_mau_hong_baby.jpg', '<ul>\r\n	<li>Th&agrave;nh phần: S&aacute;p ong, dầu hạnh nh&acirc;n, dầu dừa, dầu &ocirc; liu, dầu nho, dầu thầu dầu, bơ, xo&agrave;i, bơ hạt mỡ, dầu bơ, vitamin E, gấc, củ dền, m&agrave;u kho&aacute;ng Hướng dẫn sử dụng: Lấy một lượng nhỏ vừa đủ, b&ocirc;i đều l&ecirc;n m&ocirc;i, Son c&oacute; độ b&aacute;m v&agrave; giữ được m&agrave;u tr&ecirc;n m&ocirc;i trong khoảng từ 5 -7h. n&ecirc;n thoa một lớp son dưỡng gấc dền Mẹ Ken trước khi đ&aacute;nh son kem. Bảng m&agrave;u: C&oacute; nhiều m&agrave;u sắc để bạn lựa chọn theo sở th&iacute;ch.⏳ HSD: 18 th&aacute;ng Fanpage: V&igrave; t&ocirc;i đẹp</li>\r\n</ul>\r\n', 100, 'son_long', 250000, 'thỏi', 0, 'MEKENHANOI', 1, 1),
('50', 'SON LÌ MẸ KEN MÀU CAM ĐẤT', 'son_li_me_kem_mau_cam_dat', 'son_li_me_kem_mau_cam_dat.jpg', '<ul>\r\n	<li>Th&agrave;nh phần: S&aacute;p ong, dầu hạnh nh&acirc;n, dầu dừa, dầu &ocirc; liu, dầu nho, dầu thầu dầu, bơ, xo&agrave;i, bơ hạt mỡ, dầu bơ, vitamin E, gấc, củ dền, m&agrave;u kho&aacute;ng Hướng dẫn sử dụng: Lấy một lượng nhỏ vừa đủ, b&ocirc;i đều l&ecirc;n m&ocirc;i, Son c&oacute; độ b&aacute;m v&agrave; giữ được m&agrave;u tr&ecirc;n m&ocirc;i trong khoảng từ 5 -7h. n&ecirc;n thoa một lớp son dưỡng gấc dền Mẹ Ken trước khi đ&aacute;nh son kem. Bảng m&agrave;u: C&oacute; nhiều m&agrave;u sắc để bạn lựa chọn theo sở th&iacute;ch.⏳ HSD: 18 th&aacute;ng Fanpage: V&igrave; t&ocirc;i đẹp</li>\r\n</ul>\r\n', 100, 'son_long', 250000, 'thỏi', 0, 'MEKENHANOI', 1, 1),
('51', 'SON LÌ MẸ KEN MÀU ĐỎ GẤC', 'son_li_me_kem_mau_cam_do-gac', 'son_li_me_kem_mau_cam_do-gac.jpg', '<ul>\r\n	<li>Th&agrave;nh phần: S&aacute;p ong, dầu hạnh nh&acirc;n, dầu dừa, dầu &ocirc; liu, dầu nho, dầu thầu dầu, bơ, xo&agrave;i, bơ hạt mỡ, dầu bơ, vitamin E, gấc, củ dền, m&agrave;u kho&aacute;ng Hướng dẫn sử dụng: Lấy một lượng nhỏ vừa đủ, b&ocirc;i đều l&ecirc;n m&ocirc;i, Son c&oacute; độ b&aacute;m v&agrave; giữ được m&agrave;u tr&ecirc;n m&ocirc;i trong khoảng từ 5 -7h. n&ecirc;n thoa một lớp son dưỡng gấc dền Mẹ Ken trước khi đ&aacute;nh son kem. Bảng m&agrave;u: C&oacute; nhiều m&agrave;u sắc để bạn lựa chọn theo sở th&iacute;ch.⏳ HSD: 18 th&aacute;ng Fanpage: V&igrave; t&ocirc;i đẹp</li>\r\n</ul>\r\n', 100, 'son_long', 250000, 'thỏi', 0, 'MEKENHANOI', 1, 1),
('52', 'SON LÌ MẸ KEN MÀU HỒNG ĐẤT', 'son_li_me_kem_mau_hong_dat', 'son_li_me_kem_mau_hong_dat.jpg', '<ul>\r\n	<li>Th&agrave;nh phần: S&aacute;p ong, dầu hạnh nh&acirc;n, dầu dừa, dầu &ocirc; liu, dầu nho, dầu thầu dầu, bơ, xo&agrave;i, bơ hạt mỡ, dầu bơ, vitamin E, gấc, củ dền, m&agrave;u kho&aacute;ng Hướng dẫn sử dụng: Lấy một lượng nhỏ vừa đủ, b&ocirc;i đều l&ecirc;n m&ocirc;i, Son c&oacute; độ b&aacute;m v&agrave; giữ được m&agrave;u tr&ecirc;n m&ocirc;i trong khoảng từ 5 -7h. n&ecirc;n thoa một lớp son dưỡng gấc dền Mẹ Ken trước khi đ&aacute;nh son kem. Bảng m&agrave;u: C&oacute; nhiều m&agrave;u sắc để bạn lựa chọn theo sở th&iacute;ch.⏳ HSD: 18 th&aacute;ng Fanpage: V&igrave; t&ocirc;i đẹp</li>\r\n</ul>\r\n', 100, 'son_long', 250000, 'thỏi', 0, 'MEKENHANOI', 1, 1),
('53', 'SON LÌ MẸ KEN MÀU HỒNG CÀ RỐT', 'son_li_me_kem_mau_hong_ca_rot', 'son_li_me_kem_mau_hong_ca_rot.jpg', '<ul>\r\n	<li>Th&agrave;nh phần: S&aacute;p ong, dầu hạnh nh&acirc;n, dầu dừa, dầu &ocirc; liu, dầu nho, dầu thầu dầu, bơ, xo&agrave;i, bơ hạt mỡ, dầu bơ, vitamin E, gấc, củ dền, m&agrave;u kho&aacute;ng Hướng dẫn sử dụng: Lấy một lượng nhỏ vừa đủ, b&ocirc;i đều l&ecirc;n m&ocirc;i, Son c&oacute; độ b&aacute;m v&agrave; giữ được m&agrave;u tr&ecirc;n m&ocirc;i trong khoảng từ 5 -7h. n&ecirc;n thoa một lớp son dưỡng gấc dền Mẹ Ken trước khi đ&aacute;nh son kem. Bảng m&agrave;u: C&oacute; nhiều m&agrave;u sắc để bạn lựa chọn theo sở th&iacute;ch.⏳ HSD: 18 th&aacute;ng Fanpage: V&igrave; t&ocirc;i đẹp</li>\r\n</ul>\r\n', 100, 'son_long', 250000, 'thỏi', 0, 'MEKENHANOI', 1, 1),
('54', 'SON LÌ MẸ KEN MÀU ĐỎ GẠCH', 'son_li_me_kem_mau_cam_do_gach', 'son_li_me_kem_mau_cam_do_gach.jpg', '<ul>\r\n	<li>Th&agrave;nh phần: S&aacute;p ong, dầu hạnh nh&acirc;n, dầu dừa, dầu &ocirc; liu, dầu nho, dầu thầu dầu, bơ, xo&agrave;i, bơ hạt mỡ, dầu bơ, vitamin E, gấc, củ dền, m&agrave;u kho&aacute;ng Hướng dẫn sử dụng: Lấy một lượng nhỏ vừa đủ, b&ocirc;i đều l&ecirc;n m&ocirc;i, Son c&oacute; độ b&aacute;m v&agrave; giữ được m&agrave;u tr&ecirc;n m&ocirc;i trong khoảng từ 5 -7h. n&ecirc;n thoa một lớp son dưỡng gấc dền Mẹ Ken trước khi đ&aacute;nh son kem. Bảng m&agrave;u: C&oacute; nhiều m&agrave;u sắc để bạn lựa chọn theo sở th&iacute;ch.⏳ HSD: 18 th&aacute;ng Fanpage: V&igrave; t&ocirc;i đẹp</li>\r\n</ul>\r\n', 100, 'son_long', 250000, 'thỏi', 0, 'MEKENHANOI', 1, 1),
('55', 'SON LÌ MẸ KEN MÀU ĐỎ CAM', 'son_li_me_kem_mau_do_cam', 'son_li_me_kem_mau_do_cam.jpg', '<ul>\r\n	<li>Th&agrave;nh phần: S&aacute;p ong, dầu hạnh nh&acirc;n, dầu dừa, dầu &ocirc; liu, dầu nho, dầu thầu dầu, bơ, xo&agrave;i, bơ hạt mỡ, dầu bơ, vitamin E, gấc, củ dền, m&agrave;u kho&aacute;ng Hướng dẫn sử dụng: Lấy một lượng nhỏ vừa đủ, b&ocirc;i đều l&ecirc;n m&ocirc;i, Son c&oacute; độ b&aacute;m v&agrave; giữ được m&agrave;u tr&ecirc;n m&ocirc;i trong khoảng từ 5 -7h. n&ecirc;n thoa một lớp son dưỡng gấc dền Mẹ Ken trước khi đ&aacute;nh son kem. Bảng m&agrave;u: C&oacute; nhiều m&agrave;u sắc để bạn lựa chọn theo sở th&iacute;ch.⏳ HSD: 18 th&aacute;ng Fanpage: V&igrave; t&ocirc;i đẹp</li>\r\n</ul>\r\n', 100, 'son_long', 250000, 'thỏi', 0, 'MEKENHANOI', 1, 3);
INSERT INTO `product_info` (`id_product`, `name_product`, `name_product_no_vietnamse`, `image_product`, `describle_product`, `quantity_inventory`, `sub_catalog`, `price_product`, `unit`, `point_promotion`, `producer_publisher`, `highlights`, `status_product`) VALUES
('56', 'SON LÌ MẸ KEN MÀU CAM ĐÀO', 'son_li_me_kem_mau_cam_dao', 'son_li_me_kem_mau_cam_dao.jpg', '<ul>\r\n	<li>Th&agrave;nh phần: S&aacute;p ong, dầu hạnh nh&acirc;n, dầu dừa, dầu &ocirc; liu, dầu nho, dầu thầu dầu, bơ, xo&agrave;i, bơ hạt mỡ, dầu bơ, vitamin E, gấc, củ dền, m&agrave;u kho&aacute;ng Hướng dẫn sử dụng: Lấy một lượng nhỏ vừa đủ, b&ocirc;i đều l&ecirc;n m&ocirc;i, Son c&oacute; độ b&aacute;m v&agrave; giữ được m&agrave;u tr&ecirc;n m&ocirc;i trong khoảng từ 5 -7h. n&ecirc;n thoa một lớp son dưỡng gấc dền Mẹ Ken trước khi đ&aacute;nh son kem. Bảng m&agrave;u: C&oacute; nhiều m&agrave;u sắc để bạn lựa chọn theo sở th&iacute;ch.⏳ HSD: 18 th&aacute;ng Fanpage: V&igrave; t&ocirc;i đẹp</li>\r\n</ul>\r\n', 100, 'son_long', 250000, 'thỏi', 0, 'MEKENHANOI', 1, 1),
('57', 'MẶT NẠ COLLAGEN TƯƠI BÌ HEO MẸ KEN / 200ml', 'mat_na_collagen_tuoi_bi_heo_me_ken', 'mat_na_collagen_tuoi_bi_heo_me_ken.jpg', '<ul>\r\n	<li>*C&Ocirc;NG DỤNG:</li>\r\n	<li>- Cung cấp collagen cho da</li>\r\n	<li>- L&agrave;m mịn v&agrave; sạch s&acirc;u cho da</li>\r\n	<li>- Gi&uacute;p da b&oacute;ng khỏe, hấp thu dưỡng chất tốt hơn</li>\r\n	<li>- L&agrave;m giảm mụn đầu đen, mụn c&aacute;m</li>\r\n	<li>*C&Aacute;CH D&Ugrave;NG:</li>\r\n	<li>1 tuần lột 2 lần. Lấy 1 lượng vừa đủ chưng c&aacute;ch thủy hoặc bỏ l&ograve; vi s&oacute;ng v&agrave;i gi&acirc;y cho vừa đủ tan chảy. C&oacute; thể trộn th&ecirc;m tinh bột nghệ hoặc c&aacute;c loại bột, đắp l&ecirc;n da. C&oacute; thể d&ugrave;ng mặt nạ giấy để dễ d&agrave;ng lột sau khi kh&ocirc; lột nhẹ từ dưới cằm l&ecirc;n v&agrave; rửa lại nhẹ nh&agrave;ng bằng nước lạnh.Đắp khoảng 30 ph&uacute;t nếu b&ocirc;i trực tiếp l&ecirc;n mặt. rồi rửa sạch nhẹ nh&agrave;ng với nước ấm. D&ugrave;ng mặt nạ giấy lột để kh&ocirc; trong khoảng 25 ph&uacute;t.</li>\r\n	<li>♻BẢO QUẢN &amp;⏳HẠN D&Ugrave;NG:</li>\r\n	<li>- Ngăn đ&aacute;: 2 năm.</li>\r\n	<li>- Ngăn m&aacute;t: 1 &ndash; 2 th&aacute;ng</li>\r\n	<li>- B&ecirc;n ngo&agrave;i: 7 ng&agrave;y Fanpage: V&igrave; t&ocirc;i đẹp</li>\r\n</ul>\r\n', 100, 'cham_soc_da_mat', 160000, 'hủ', 0, 'MEKENHANOI', 1, 1),
('58', 'MẶT NẠ DẺO SỮA BÒ TƯƠI & BỘT CÀ RỐT / 100ml', 'mat_na_deo_sua_bo_tuoi_va_bot_ca_rot', 'mat_na_deo_sua_bo_tuoi_va_bot_ca_rot.jpg', '<ul>\r\n	<li>*AHA l&agrave; 1 th&agrave;nh phần tự nhi&ecirc;n cao c&oacute; trong sữa b&ograve; gi&uacute;p trắng da v&agrave; ngăn ngừa l&atilde;o ho&aacute;. Đặc biệt, sữa b&ograve; từ trại MẸ KEN nguy&ecirc;n chất 100% n&ecirc;n n&oacute; kh&aacute;c biệt liền. V&agrave; mặt nạ n&agrave;y CHỈ DUY NHẤT C&Ocirc;NG TY MẸ KEN SẢN XUẤT</li>\r\n	<li>*TH&Agrave;NH PHẦN: sữa b&ograve; tươi nguy&ecirc;n chất 100%, bột c&agrave; rốt nguy&ecirc;n chất, s&aacute;p đậu n&agrave;nh, tinh chất l&aacute; ổi v&agrave; tinh chất củ cải trắng.</li>\r\n	<li>*C&Ocirc;NG DỤNG: Trắng mịn da, chống l&atilde;o ho&aacute;, l&agrave;m mờ c&aacute;c đốm n&acirc;u, m&aacute;t dịu da, ngừa mụn v&agrave; se lỗ ch&acirc;n l&ocirc;ng.</li>\r\n	<li>♻*BẢO QUẢN &amp;⏳*HSD :</li>\r\n	<li>- để ngo&agrave;i được tầm 3 th&aacute;ng nếu thời tiết n&oacute;ng tr&ecirc;n 30 độ C th&igrave; c&oacute; thể ngắn hơn.</li>\r\n	<li>- ngăn m&aacute;t li&ecirc;n tục được 6 th&aacute;ng. Fanpage: V&igrave; t&ocirc;i đẹp</li>\r\n</ul>\r\n', 100, 'cham_soc_da_mat', 180000, 'hủ', 0, 'MEKENHANOI', 1, 1),
('59', 'MẶT NẠ DẺO SỮA BÒ TƯƠI & BỘT BÍ ĐỎ / 100ml', 'mat_na_deo_sua_bo_tuoi_va_bot_bi_do', 'mat_na_deo_sua_bo_tuoi_va_bot_bi_do.jpg', '<ul>\r\n	<li>AHA l&agrave; 1 th&agrave;nh phần tự nhi&ecirc;n cao c&oacute; trong sữa b&ograve; gi&uacute;p trắng da v&agrave; ngăn ngừa l&atilde;o ho&aacute;. Đặc biệt, sữa b&ograve; từ trại MẸ KEN nguy&ecirc;n chất 100% n&ecirc;n n&oacute; kh&aacute;c biệt liền. V&agrave; mặt nạ n&agrave;y CHỈ DUY NHẤT C&Ocirc;NG TY MẸ KEN SẢN XUẤT</li>\r\n	<li>*TH&Agrave;NH PHẦN: sữa b&ograve; tươi nguy&ecirc;n chất 100%, bột b&iacute; đỏ nguy&ecirc;n chất, s&aacute;p đậu n&agrave;nh, tinh chất l&aacute; ổi v&agrave; tinh chất củ cải trắng.</li>\r\n	<li>*C&Ocirc;NG DỤNG: Trắng mịn da, chống l&atilde;o ho&aacute;, l&agrave;m mờ c&aacute;c đốm n&acirc;u, m&aacute;t dịu da, ngừa mụn v&agrave; se lỗ ch&acirc;n l&ocirc;ng.</li>\r\n	<li>♻BẢO QUẢN &amp;⏳HSD :</li>\r\n	<li>- Để ngo&agrave;i được tầm 3 th&aacute;ng nếu thời tiết n&oacute;ng tr&ecirc;n 30độ C th&igrave; c&oacute; thể ngắn hơn.</li>\r\n	<li>- Ngăn m&aacute;t li&ecirc;n tục được 6 th&aacute;ng. Fanpage: V&igrave; t&ocirc;i đẹp</li>\r\n</ul>\r\n', 100, 'cham_soc_da_mat', 180000, 'hủ', 0, 'MEKENHANOI', 1, 1),
('60', 'MẶT NẠ DẺO SỮA BÒ TƯƠI & BỘT BÍ ĐAO / 100ml', 'mat_na_deo_sua_bo_tuoi_va_bot_bi_dao', 'mat_na_deo_sua_bo_tuoi_va_bot_bi_dao.jpg', '<ul>\r\n	<li>*AHA l&agrave; 1 th&agrave;nh phần tự nhi&ecirc;n cao c&oacute; trong sữa b&ograve; gi&uacute;p trắng da v&agrave; ngăn ngừa l&atilde;o ho&aacute;. Đặc biệt, sữa b&ograve; từ trại MẸ KEN nguy&ecirc;n chất 100% n&ecirc;n n&oacute; kh&aacute;c biệt liền. V&agrave; mặt nạ n&agrave;y CHỈ DUY NHẤT C&Ocirc;NG TY MẸ KEN SẢN XUẤT</li>\r\n	<li>*TH&Agrave;NH PHẦN: sữa b&ograve; tươi nguy&ecirc;n chất 100%, bột b&iacute; đao nguy&ecirc;n chất, s&aacute;p đậu n&agrave;nh, tinh chất l&aacute; ổi v&agrave; tinh chất củ cải trắng.</li>\r\n	<li>*C&Ocirc;NG DỤNG: Trắng mịn da, chống l&atilde;o ho&aacute;, l&agrave;m mờ c&aacute;c đốm n&acirc;u, m&aacute;t dịu da, ngừa mụn v&agrave; se lỗ ch&acirc;n l&ocirc;ng.</li>\r\n	<li>♻*BẢO QUẢN &amp;⏳*HSD :</li>\r\n	<li>- để ngo&agrave;i được tầm 3 th&aacute;ng nếu thời tiết n&oacute;ng tr&ecirc;n 30độ C th&igrave; c&oacute; thể ngắn hơn.</li>\r\n	<li>- ngăn m&aacute;t li&ecirc;n tục được 6 th&aacute;ng. Fanpage: V&igrave; t&ocirc;i đẹp</li>\r\n</ul>\r\n', 100, 'cham_soc_da_mat', 180000, 'hủ', 0, 'MEKENHANOI', 1, 1),
('61', 'MẶT NẠ DẺO SỮA BÒ TƯƠI & BỘT CỦ DỀN / 100ml', 'mat_na_deo_sua_bo_tuoi_va_bot_cu_den', 'mat_na_deo_sua_bo_tuoi_va_bot_cu_den.jpg', '<ul>\r\n	<li>AHA l&agrave; 1 th&agrave;nh phần tự nhi&ecirc;n cao c&oacute; trong sữa b&ograve; gi&uacute;p trắng da v&agrave; ngăn ngừa l&atilde;o ho&aacute;. Đặc biệt, sữa b&ograve; từ trại MẸ KEN nguy&ecirc;n chất 100% n&ecirc;n n&oacute; kh&aacute;c biệt liền. V&agrave; mặt nạ n&agrave;y CHỈ DUY NHẤT C&Ocirc;NG TY MẸ KEN SẢN XUẤT</li>\r\n	<li>*TH&Agrave;NH PHẦN: sữa b&ograve; tươi nguy&ecirc;n chất 100%, bột củ dền nguy&ecirc;n chất , s&aacute;p đậu n&agrave;nh, tinh chất l&aacute; ổi v&agrave; tinh chất củ cải trắng.</li>\r\n	<li>*C&Ocirc;NG DỤNG: Trắng mịn da, chống l&atilde;o ho&aacute;, l&agrave;m mờ c&aacute;c đốm n&acirc;u, m&aacute;t dịu da, ngừa mụn v&agrave; se lỗ ch&acirc;n l&ocirc;ng.</li>\r\n	<li>♻BẢO QUẢN &amp;⏳HSD :</li>\r\n	<li>- Để ngo&agrave;i được tầm 3 th&aacute;ng nếu thời tiết n&oacute;ng tr&ecirc;n 30 độ th&igrave; c&oacute; thể ngắn hơn.</li>\r\n	<li>- Ngăn m&aacute;t li&ecirc;n tục được 6 th&aacute;ng. Fanpage: V&igrave; t&ocirc;i đẹp</li>\r\n</ul>\r\n', 100, 'cham_soc_da_mat', 180000, 'hủ', 0, 'MEKENHANOI', 1, 1),
('62', 'MẶT NẠ DẺO SỮA BÒ TƯƠI & TINH BỘT NGHỆ/ 100ml', 'mat_na_deo_sua_bo_tuoi_va_tinh_bot_nghe', 'mat_na_deo_sua_bo_tuoi_va_tinh_bot_nghe.jpg', '<ul>\r\n	<li>AHA l&agrave; 1 th&agrave;nh phần tự nhi&ecirc;n cao c&oacute; trong sữa b&ograve; gi&uacute;p trắng da v&agrave; ngăn ngừa l&atilde;o ho&aacute;. Đặc biệt, sữa b&ograve; từ trại MẸ KEN nguy&ecirc;n chất 100% n&ecirc;n n&oacute; kh&aacute;c biệt liền. V&agrave; mặt nạ n&agrave;y CHỈ DUY NHẤT C&Ocirc;NG TY MẸ KEN SẢN XUẤT</li>\r\n	<li>*TH&Agrave;NH PHẦN: sữa b&ograve; tươi nguy&ecirc;n chất 100%, bột nguy&ecirc;n chất tinh nghệ , s&aacute;p đậu n&agrave;nh, tinh chất l&aacute; ổi v&agrave; tinh chất củ cải trắng.</li>\r\n	<li>*C&Ocirc;NG DỤNG: Trắng mịn da, chống l&atilde;o ho&aacute;, l&agrave;m mờ c&aacute;c đốm n&acirc;u, m&aacute;t dịu da, ngừa mụn v&agrave; se lỗ ch&acirc;n l&ocirc;ng.</li>\r\n	<li>♻BẢO QUẢN &amp;⏳HSD :</li>\r\n	<li>- Để ngo&agrave;i được tầm 3 th&aacute;ng nếu thời tiết n&oacute;ng tr&ecirc;n 30 độ th&igrave; c&oacute; thể ngắn hơn.</li>\r\n	<li>- Ngăn m&aacute;t li&ecirc;n tục được 6 th&aacute;ng Fanpage: V&igrave; t&ocirc;i đẹp</li>\r\n</ul>\r\n', 100, 'cham_soc_da_mat', 180000, 'hủ', 0, 'MEKENHANOI', 1, 1),
('63', 'MẶT NẠ TINH NGHỆ THUỐC BẮC HẠ THỔ MẸ KEN / 1 lít', 'mat_na_yinh_nghe_thuoc_bac_ha_tho_me_ken', 'mat_na_yinh_nghe_thuoc_bac_ha_tho_me_ken.jpg', '<ul>\r\n	<li>ĐẢM BẢO DA TRẮNG MƯỚT KH&Ocirc;NG T&Igrave; VẾT</li>\r\n	<li>Theo b&agrave;i thuốc của c&aacute;c b&agrave; mụ Huế xưa v&agrave; c&aacute;c vị thuốc bắc của Lương y Hoa Đ&agrave;...</li>\r\n	<li>*TH&Agrave;NH PHẦN : gồm tinh nghệ, s&acirc;m, bạch truật, tam thất, mật ong, rượu gạo nguy&ecirc;n chất nh&agrave; nấu... V&agrave; 1 số vị thuốc bắc ... Tất cả hỗn hợp đ&atilde; được ch&ocirc;n dưới đất đủ 100 ng&agrave;y để giảm t&iacute;nh axit của nghệ v&agrave; c&aacute;c nguy&ecirc;n liệu thuốc bắc... Hấp thụ đầy đủ &acirc;m dương của trời đất. Rượu ch&iacute;nh l&agrave; &quot;chất dẫn&quot; tinh chất nghệ v&agrave; c&aacute;c vị thuốc bắc ngấm s&acirc;u v&agrave;o da gi&uacute;p lưu th&ocirc;ng m&aacute;u v&agrave; khi huyết, nu&ocirc;i dưỡng da trắng hồng v&agrave; chị n&aacute;m tan nhang rất hiệu quả cho da mặt.</li>\r\n	<li>*C&Ocirc;NG DỤNG: D&ugrave;ng để x&ocirc;ng hơ sau sinh, đắp mặt nạ, s&aacute;ng da, lam giảm mụn, mờ t&agrave;n nhang, n&aacute;m sạm, tắm trắng v&agrave; trị c&aacute;c loại mụn ở lưng</li>\r\n	<li>*C&Aacute;CH D&Ugrave;NG:</li>\r\n	<li>X&ocirc;ng hơ: hơ ấm sau khi sinh mổ 15 ng&agrave;y, sinh thường l&agrave; 5 ng&agrave;y</li>\r\n	<li>Đắp mặt nạ: đắp 25 ph&uacute;t/lần, 1 tuần d&ugrave;ng 2-3 lần. Rửa mặt sạch 70% bằng nước lạnh. Kh&ocirc;ng rửa lại bằng sửa rửa mặt</li>\r\n	<li>Tắm trắng như sau:</li>\r\n	<li>Đầu ti&ecirc;n c&aacute;c bạn nhớ tẩy da chết tuần 1-2 lần để dưỡng chất c&oacute; thể ngấm s&acirc;u v&agrave;o da nh&eacute;!</li>\r\n	<li>- Bước 1: C&aacute;c bạn chuẩn bị 1/2 b&aacute;t nhỏ hỗn hợp sản phẩm( hoặc nhiều hơn nếu muốn)</li>\r\n	<li>- Bước 2: c&aacute;c bạn l&agrave;m ướt người sau đ&oacute; từ từ thoa tinh nghệ l&ecirc;n từng v&ugrave;ng body rồi massage kỹ 15&#39; khắp body. Ch&uacute; &yacute; những v&ugrave;ng th&acirc;m đen như n&aacute;ch, bẹn, khe m&ocirc;ng...th&igrave; c&aacute;c bạn massage kỹ hơn ch&uacute;t</li>\r\n	<li>- Bước 3: Sau khi massage c&aacute;c bạn để ủ th&ecirc;m 15&#39;-30&#39; cho tới khi sản phẩm kh&ocirc; kh&ocirc; th&igrave; c&aacute;c bạn xả sạch lại với nước.</li>\r\n	<li>- Chỉ cần tuần 2 lần tắm th&ocirc;i l&agrave; c&aacute;c bạn đ&atilde; c&oacute; l&agrave;n da trắng s&aacute;ng khoẻ đẹp n&oacute;i kh&ocirc;ng với kem trộn v&agrave; chất tẩy.</li>\r\n	<li>♻*BẢO QUẢN: b&ecirc;n ngo&agrave;i ở nhiệt độ b&igrave;nh thường</li>\r\n	<li>⏳*HẠN D&Ugrave;NG: 3 năm kể từ ng&agrave;y sản xuất</li>\r\n	<li>*LƯU &Yacute;: TINH NGHỆ THUỐC BẮC HẠ THỔ Mẹ Ken chuẩn 100%. Sau khi hạ thổ đủ 100 ng&agrave;y sẽ l&agrave;m giảm t&iacute;nh axit của nghệ v&agrave; c&aacute;c vị thuốc bắc đồng thời m&agrave;u v&agrave;ng của nghệ cũng sẽ kh&ocirc;ng c&ograve;n. Khi sử d&ugrave;ng ho&agrave;n to&agrave;n kh&ocirc;ng bị v&agrave;ng da như nghệ. Nếu c&aacute;c bạn mua phải h&agrave;ng khi sử dụng c&oacute; m&ugrave;i nồng của rượu v&agrave; g&acirc;y v&agrave;ng da l&agrave; h&agrave;ng dởm nh&eacute;. Fanpage: V&igrave;t&ocirc;i đẹp</li>\r\n</ul>\r\n', 100, 'cham_soc_da_mat', 650000, 'hủ', 0, 'MEKENHANOI', 1, 1),
('64', 'CAO BÍ ĐỎ MẸ KEN / 100gr', 'cao_bi_do_me_ken', 'cao_bi_do_me_ken.jpg', '<ul>\r\n	<li>L&agrave; 1 b&agrave;i thuốc dưỡng nhan tuyệt vời của Lương Y Tuệ Tĩnh</li>\r\n	<li>+ Chuy&ecirc;n l&agrave;m giảm t&agrave;n nhang, n&aacute;m m&aacute;, đốm n&acirc;u, mụn ẩn, mụn , cấp ẩm, chống l&atilde;o ho&aacute;, gi&uacute;p da trắng s&aacute;ng mịn m&agrave;ng&hellip;..</li>\r\n	<li>+ Th&agrave;nh phần : b&iacute; đỏ tươi, men bia , mật ong rừng&hellip;. V&agrave; 1 số th&agrave;nh phần thi&ecirc;n nhi&ecirc;n nấu theo c&ocirc;ng thức gia truyền.</li>\r\n	<li>+ V&igrave; l&agrave; th&agrave;nh phần thi&ecirc;n nhi&ecirc;n ho&agrave;n to&agrave;n n&ecirc;n c&oacute; thể ăn, d&ugrave;ng cho phụ nữ c&oacute; thai v&agrave; cho con b&uacute; cực kỳ an to&agrave;n.. Ho&agrave;n to&agrave;n ko k&iacute;ch ứng, ko phụ thuộc, ko bắt nắng..</li>\r\n	<li>*C&Aacute;CH D&Ugrave;NG: Đắp 1 lớp mỏng l&ecirc;n to&agrave;n bộ v&ugrave;ng mặt cho cả m&ocirc;i, massage nhẹ nh&agrave;ng 2 ph&uacute;t v&agrave; để tr&ecirc;n mặt khoảng 45&#39; - 1h rửa nhẹ nh&agrave;ng lại bằng nước sạch. Đắp h&agrave;ng ng&agrave;y để dưỡng nhan. 1 - 2 lần/ng&agrave;y.</li>\r\n	<li>♻*C&Aacute;CH BẢO QUẢN: ngăn m&aacute;t tủ lạnh hoặc b&ecirc;n ngo&agrave;i nhiệt độ dưới 30 độ C</li>\r\n	<li>⏳*HẠN D&Ugrave;NG: 12 th&aacute;ng kể từ ng&agrave;y sản xuất Fanpage: V&igrave; t&ocirc;i đẹp</li>\r\n</ul>\r\n', 100, 'cham_soc_da_mat', 140000, 'lọ', 0, 'MEKENHANOI', 1, 1),
('65', 'CAO BÍ ĐỎ MẸ KEN / 220gr', 'cao_bi_do_me_ken_220_gr', 'cao_bi_do_me_ken_220_gr.jpg', '<ul>\r\n	<li>L&agrave; 1 b&agrave;i thuốc dưỡng nhan tuyệt vời của Lương Y Tuệ Tĩnh<br />\r\n	+Chuy&ecirc;n l&agrave;m giảm t&agrave;n nhang, n&aacute;m m&aacute;, đốm n&acirc;u, mụn ẩn, mụn , cấp ẩm, chống l&atilde;o ho&aacute;, gi&uacute;p da trắng s&aacute;ng mịn m&agrave;ng&hellip;..<br />\r\n	+Th&agrave;nh phần: b&iacute; đỏ tươi, men bia , mật ong rừng&hellip;. V&agrave; 1 số th&agrave;nh phần thi&ecirc;n nhi&ecirc;n nấu theo c&ocirc;ng thức gia truyền.<br />\r\n	+ V&igrave; l&agrave; th&agrave;nh phần thi&ecirc;n nhi&ecirc;n ho&agrave;n to&agrave;n n&ecirc;n c&oacute; thể ăn, d&ugrave;ng cho phụ nữ c&oacute; thai v&agrave; cho con b&uacute; cực kỳ an to&agrave;n.. Ho&agrave;n to&agrave;n ko k&iacute;ch ứng, ko phụ thuộc, ko bắt nắng..<br />\r\n	*C&Aacute;CH D&Ugrave;NG: Đắp 1 lớp mỏng l&ecirc;n to&agrave;n bộ v&ugrave;ng mặt cho cả m&ocirc;i, massage nhẹ nh&agrave;ng 2 ph&uacute;t v&agrave; để tr&ecirc;n mặt khoảng 45&#39; - 1h rửa nhẹ nh&agrave;ng lại bằng nước sạch. Đắp h&agrave;ng ng&agrave;y để dưỡng nhan. 1 - 2 lần/ng&agrave;y.<br />\r\n	♻*C&Aacute;CH BẢO QUẢN: ngăn m&aacute;t tủ lạnh hoặc b&ecirc;n ngo&agrave;i nhiệt độ dưới 30 độ C<br />\r\n	⏳*HẠN D&Ugrave;NG: 12 th&aacute;ng kể từ ng&agrave;y sản xuất Fanpage: V&igrave; t&ocirc;i đẹp</li>\r\n</ul>\r\n', 100, 'nuoc_uong_dinh_duong', 250000, 'lọ', 0, 'MEKENHANOI', 1, 1),
('66', 'KEM NÁM MẸ KEN / 30ml', 'kem_nam_me_ken', 'kem_nam_me_ken.jpg', '<ul>\r\n	<li>Hiệu quả sau 28 ng&agrave;y sử dụng (28 ng&agrave;y l&agrave; ng&agrave;y của chu tr&igrave;nh da t&aacute;i tạo)</li>\r\n	<li>Chỉ cần d&ugrave;ng từ 5-7 hũ t&ugrave;y t&igrave;nh trạng da rồi ngưng, để khi da được cải thiện đ&aacute;ng kể th&igrave; bạn chuyển qua x&agrave;i d&ograve;ng kem dưỡng phục hồi của ri&ecirc;ng bạn (bất cứ loại n&agrave;o bạn thấy an to&agrave;n), hoặc d&ugrave;ng kem dưỡng phục hồi MẸ KEN, hoặc những d&ograve;ng kem gấc, kem hạnh nh&acirc;n m&agrave; Mẹ Ken đang c&oacute;</li>\r\n	<li>*TH&Agrave;NH PHẦN : Chiết xuất từ nhựa hoa đu đủ, Arpha Arbutin, Chiết xuất trầu kh&ocirc;ng, Chiết xuất cam thảo, Chiết Xuất th&ocirc;ng đỏ, Chiết xuất từ linh chi, Hồng hoa, Bạch c&uacute;c&hellip;</li>\r\n	<li>*C&Ocirc;NG DỤNG: L&agrave;m mờ n&aacute;m, t&agrave;n nhang, đốm n&acirc;u tr&ecirc;n da mặt. Chất kem thẩm thấu cực nhanh, mịn mướt ngay đ&ecirc;m đầu ti&ecirc;n sử dụng, s&aacute;ng hồng, v&agrave; se nhỏ lỗ ch&acirc;n l&ocirc;ng.</li>\r\n	<li>*C&Aacute;CH D&Ugrave;NG : chỉ đ&aacute;nh lớp mỏng cho to&agrave;n bộ v&ugrave;ng mặt trước khi đi ngủ, tr&aacute;nh v&ugrave;ng da mắt. Chỉ dưỡng ban đ&ecirc;m, giữ nắng khi đang điều trị để c&oacute; kết quả tốt</li>\r\n	<li>♻*BẢO QUẢN : ngăn m&aacute;t tủ lạnh hoặc nhiệt độ m&aacute;t dưới 30oC.</li>\r\n	<li>⏳*HẠN D&Ugrave;NG: 1 năm kể từ ng&agrave;y sản xuất Fanpage: V&igrave; t&ocirc;i đẹp</li>\r\n</ul>\r\n', 100, 'cham_soc_da_mat', 390000, 'hủ', 0, 'MEKENHANOI', 1, 1),
('67', 'KEM TRỊ MỤN MẸ KEN / 30ml', 'kem_tri_mun_me_ken', 'kem_tri_mun_me_ken.jpg', '<ul>\r\n	<li>SẢN PHẨM HO&Agrave;N TO&Agrave;N THI&Ecirc;N NHI&Ecirc;N AN TO&Agrave;N TUYỆT ĐỐI CHO PHỤ NỮ C&Oacute; THAI V&Agrave; CHO CON B&Uacute;</li>\r\n	<li>SẢN PHẨM ĐƯỢC SỞ Y TẾ V&Agrave; C&Ocirc;NG TY THUỘC TẬP ĐO&Agrave;N KIỂM ĐỊNH UY T&Iacute;N QUỐC TẾ EUROFINS CHỨNG NHẬN AN TO&Agrave;N TRƯỚC KHI CHO RA THỊ TRƯỜNG</li>\r\n	<li>*TH&Agrave;NH PHẦN: TR&Iacute;CH LI đặc biệt từ C&Acirc;Y CỎ SỮA, chiết xuất tr&agrave; xanh, chiết xuất t&iacute;a t&ocirc;, chiết xuất chất nhầy trong mồng tơi, chiết xuất l&aacute; d&acirc;u tằm, s&aacute;p ong, vitamin E, &hellip;</li>\r\n	<li>*C&Ocirc;NG DỤNG: L&agrave;m kh&ocirc; dần mụn mủ, mụn đỏ, l&agrave;m rụng mụn đầu đen ở mũi sau 10 ng&agrave;y&hellip; v&agrave; đặc biệt vết th&acirc;m sẽ s&aacute;ng ra một &iacute;t, da sẽ bớt xỉn dầu hơn, &hellip;</li>\r\n	<li>*C&Aacute;CH D&Ugrave;NG:</li>\r\n	<li>- B&ocirc;i ngay nốt mụn 1 - 2 lần/ng&agrave;y</li>\r\n	<li>- Giữ nắng khi đang điều trị để c&oacute; kết quả tốt.</li>\r\n	<li>- Kem c&oacute; t&aacute;c dụng điều tiết b&atilde; nhờn n&ecirc;n da sẽ c&oacute; t&igrave;nh trạng giảm nhờn dần dần.</li>\r\n	<li>♻*BẢO QUẢN : ngăn m&aacute;t tủ lạnh hoặc nhiệt độ m&aacute;t dưới 30 độ.</li>\r\n	<li>⏳*HẠN D&Ugrave;NG: 1 năm kể từ ng&agrave;y sản xuất Fanpage: V&igrave; t&ocirc;i đẹp</li>\r\n</ul>\r\n', 100, 'cham_soc_da_mat', 380000, 'hủ', 0, 'MEKENHANOI', 1, 1),
('68', 'KEM SỮA GẠO MẸ KEN / 30ml', 'kem_sua_gao_me_ken', 'kem_sua_gao_me_ken.jpg', '<ul>\r\n	<li>(HO&Agrave;N TO&Agrave;N THI&Ecirc;N NHI&Ecirc;N &ndash; AN TO&Agrave;N TUYỆT ĐỐI CHO DA BẦU V&Agrave; SẢN PHỤ CHO CON B&Uacute;)</li>\r\n	<li>Đ&atilde; được kiểm định tại VIỆN PASTEUR HO&Agrave;N TO&Agrave;N KH&Ocirc;NG G&Acirc;Y K&Iacute;CH ỨNG DA</li>\r\n	<li>*TH&Agrave;NH PHẦN :</li>\r\n	<li>- Tinh chất C&Aacute;M GẠO, SỮA, TINH DẦU ĐẬU N&Agrave;NH, BỘT NGỌC TRAI... l&agrave;m trắng da : trong c&aacute;m gạo chứa vitamin B5 trắng da, chống l&atilde;o ho&aacute; v&agrave; b&oacute;ng hồng. B&ecirc;n cạnh đ&oacute;, sữa v&agrave; tinh dầu đậu n&agrave;nh l&agrave; 2 tinh chất gi&uacute;p da s&aacute;ng b&oacute;ng</li>\r\n	<li>- Sản phẩm sử dụng tinh chất chống nắng ho&agrave;n to&agrave;n bằng thi&ecirc;n nhi&ecirc;n như:</li>\r\n	<li>Dầu bơ : SPF 15</li>\r\n	<li>Dầu c&agrave; rốt : SPF 40</li>\r\n	<li>Dầu l&uacute;a m&igrave; : SPF 20 chống l&atilde;o ho&aacute; cực tốt</li>\r\n	<li>*C&Ocirc;NG DỤNG:</li>\r\n	<li>- Dưỡng trắng da chống nắng với th&agrave;nh phần chống nắng ho&agrave;n to&agrave;n tự nhi&ecirc;n SPF 35</li>\r\n	<li>- Bật 1 t&ocirc;ng da ngay sau khi đ&aacute;nh</li>\r\n	<li>- Mịn mướt, nhẹ như kh&ocirc;ng c&oacute; g&igrave; tr&ecirc;n mặt. KH&Ocirc;NG G&Acirc;Y B&Iacute; DA</li>\r\n	<li>- Ph&ugrave; hợp mọi loại da</li>\r\n	<li>- L&agrave;m trắng hồng da</li>\r\n	<li>*C&Aacute;CH D&Ugrave;NG :</li>\r\n	<li>- Đ&aacute;nh 1 lớp mỏng cho to&agrave;n bộ v&ugrave;ng mặt trước khi ra đường gi&uacute;p da mịn m&agrave;ng, s&aacute;ng hồng hẳn ra.</li>\r\n	<li>- Tẩy trang bằng dầu dừa hoặc tinh gấc trước khi ngủ.</li>\r\n	<li>♻*BẢO QUẢN: ngăn m&aacute;t tủ lạnh hoặc b&ecirc;n ngo&agrave;i nhiệt độ dưới 30 độ C</li>\r\n	<li>⏳*HẠN D&Ugrave;NG: 1 năm kể từ ng&agrave;y sản xuất Fanpage: V&igrave; t&ocirc;i đẹp</li>\r\n</ul>\r\n', 100, 'cham_soc_da_mat', 290000, 'hủ', 0, 'MEKENHANOI', 1, 1),
('69', 'KEM DƯỠNG DA MẶT CHIẾT XUẤT TỪ GẤC HẢO HẠNG / 50ml\r\n', 'kem_duong_mat_na_chiet_xuat_tu_gac_hao_hang', 'kem_duong_mat_na_chiet_xuat_tu_gac_hao_hang.jpg', '<ul>\r\n	<li>D&agrave;nh cho da thường, da kh&ocirc; v&agrave; l&atilde;o h&oacute;a</li>\r\n	<li>*C&Ocirc;NG DỤNG:</li>\r\n	<li>- L&agrave;m s&aacute;ng hồng mịn da, ngăn ngừa l&atilde;o h&oacute;a</li>\r\n	<li>- C&oacute; tinh chất chống nắng thi&ecirc;n nhi&ecirc;n n&ecirc;n sử dụng l&agrave;m kem l&oacute;t trang điểm chống nắng ban ng&agrave;y</li>\r\n	<li>- Mờ th&acirc;m n&aacute;m sau qu&aacute; tr&igrave;nh sử dụng l&acirc;u d&agrave;i</li>\r\n	<li>- Kh&ocirc;ng nhờn, r&iacute;t, b&iacute;</li>\r\n	<li>- Hiệu quả sau 1 th&aacute;ng sử dụng</li>\r\n	<li>*TH&Agrave;NH PHẦN: Chiết xuất c&ocirc; đặc từ gấc, chiết xuất c&ocirc; đặc từ củ dền, s&aacute;p đậu n&agrave;nh, dầu c&aacute;m gạo, hạnh nh&acirc;n, vitamin E, C, B12 v&agrave; c&aacute;c th&agrave;nh phần thi&ecirc;n nhi&ecirc;n kh&aacute;c</li>\r\n	<li>♻*BẢO QUẢN: ngăn m&aacute;t tủ lạnh hoăc nhiệt độ dưới 30 độ</li>\r\n	<li>⏳*HẠN D&Ugrave;NG: 1 năm kể từ ng&agrave;y sản xuất Fanpage: V&igrave; t&ocirc;i đẹp</li>\r\n</ul>\r\n', 100, 'cham_soc_da_mat', 365000, 'hủ', 0, 'MEKENHANOI', 1, 1),
('70', 'NGHỆ ĐỎ VIÊN MẬT ONG RỪNG MẸ KEN / 1kg', 'nghe_do_vien_mat_ong_rung_me_ken', 'nghe_do_vien_mat_ong_rung_me_ken.jpg', 'Là kết hợp mật ong rừng nguyên chất.nên viên nghệ sẽ dẻo chứ không cứng như những loại nghệ viên khác.\r\n*CÔNG DỤNG : Làm giảm đau dạ dày, tăng sức đề kháng, làm giảm ho, ngừa ung thư, giúp sản phụ sau sinh bổ máu, thay da đổi thịt, vết thương mau lành, …\r\n*LIỀU DÙNG :\r\n+ Với những ai đau dạ dày : uống mỗi ngày 6-9 viên nghệ mật ong trước bữa ăn.\r\n+ Với những phụ nữ mới sinh : uống mỗi ngày 20 viên nghệ mật ong , sau 1 tháng uống 6-9v/ ngày.\r\n+ Với những ai đang có vấn đề về da nặng như mụn, thâm sẹo sau mụn, sạm đen do nắng : uống mỗi ngày 2 viên nghệ mật ong.\r\n+ Với những ai có làn da khỏe, muốn da trắng hồng và căng mịn hơn : uống mỗi ngày 1 viên nghệ mật ong.\r\n♻*BẢO QUẢN: ngăn mát tủ lạnh\r\n⏳*HẠN DÙNG: 1 năm kể từ ngày sản xuất Fanpage: Vì tôi đẹp', 100, 'nuoc_uong_dinh_duong', 570000, 'hộp', 0, 'MEKENHANOI', 1, 1),
('71', 'BỘT SẢ NGUYÊN CHẤT MẸ KEN / 1kg', 'bot_sa_nguyen_chat_me_ken', 'bot_sa_nguyen_chat_me_ken.jpg', '<ul>\r\n	<li>*TH&Agrave;NH PHẦN: 100% sả qu&ecirc; được sấy lạnh v&agrave; xay ra nguy&ecirc;n chất.</li>\r\n	<li>*C&Ocirc;NG DỤNG: Kh&ocirc;ng chỉ l&agrave; gia vị đặc trưng trong bếp, sả c&ograve;n l&agrave; vị thuốc qu&yacute;. Đ&ocirc;ng y đ&aacute;nh gi&aacute; cao t&aacute;c dụng giải độc, hỗ trợ ti&ecirc;u h&oacute;a, hạ huyết &aacute;p, giải cảm v&agrave; nhiều c&ocirc;ng dụng tuyệt vời kh&aacute;c. Ngăn ngừa ung thư, gi&uacute;p ti&ecirc;u ho&aacute; tốt, chữa đau bụng, rối loạn ti&ecirc;u ho&aacute;, giải độc, hạ huyết &aacute;p, giải cảm, giảm c&acirc;n, tốt cho thần kinh, giảm mụn nhọt, l&agrave;m mịn s&aacute;ng da v&agrave; rất nhiều c&ocirc;ng dụng trong lĩnh vực l&agrave;m đẹp...</li>\r\n	<li>*C&Aacute;CH D&Ugrave;NG: D&ugrave;ng để nấu ăn, pha nước chấm, pha nước sả tắc, pha tr&agrave; giảm c&acirc;n, ph&ograve;ng ngừa h&ocirc;i miệng</li>\r\n	<li>♻*BẢO QUẢN: Nơi kh&ocirc; r&aacute;o, tho&aacute;ng m&aacute;t, tr&aacute;nh &aacute;nh n</li>\r\n	<li>⏳*HSD: 24 th&aacute;ng&nbsp;</li>\r\n	<li>*LƯU &Yacute;: đậy k&iacute;n nắp sau khi sử dụng</li>\r\n	<li>Qui c&aacute;ch đ&oacute;ng g&oacute;i: đ&oacute;ng v&agrave;o hủ 100gr; 500gr; 1kg hoặc đ&oacute;ng theo y&ecirc;u cầu của kh&aacute;ch h&agrave;ng. Fanpage: V&igrave; t&ocirc;i đẹp</li>\r\n</ul>\r\n', 100, 'nuoc_uong_dinh_duong', 930000, 'hộp', 0, 'MEKENHANOI', 1, 1),
('72', 'NGHỆ ĐEN VIÊN MẬT ONG RỪNG MẸ KEN / 1kg', 'nghe_den_vien_mat_ong_rung_me_ken', 'nghe_den_vien_mat_ong_rung_me_ken.jpg', '<ul>\r\n	<li>Là k&ecirc;́t hợp m&acirc;̣t ong rừng nguy&ecirc;n ch&acirc;́t.n&ecirc;n vi&ecirc;n ngh&ecirc;̣ sẽ dẻo chứ kh&ocirc;ng cứng như những loại ngh&ecirc;̣ vi&ecirc;n khác.</li>\r\n	<li>*C&Ocirc;NG DỤNG : L&agrave;m giảm đau dạ d&agrave;y, tăng sức đề kh&aacute;ng, l&agrave;m giảm ho, ngừa ung thư, gi&uacute;p sản phụ sau sinh bổ m&aacute;u, thay da đổi thịt, vết thương mau l&agrave;nh, &hellip;</li>\r\n	<li>*LIỀU D&Ugrave;NG :</li>\r\n	<li>+ Với những ai đau dạ d&agrave;y : uống mỗi ng&agrave;y 6-9 vi&ecirc;n nghệ mật ong trước bữa ăn.</li>\r\n	<li>+ Với những phụ nữ mới sinh : uống mỗi ng&agrave;y 20 vi&ecirc;n nghệ mật ong , sau 1 th&aacute;ng uống 6-9v/ ng&agrave;y.</li>\r\n	<li>+ Với những ai đang c&oacute; vấn đề về da nặng như mụn, th&acirc;m sẹo sau mụn, sạm đen do nắng : uống mỗi ng&agrave;y 2 vi&ecirc;n nghệ mật ong.</li>\r\n	<li>+ Với những ai c&oacute; l&agrave;n da khỏe, muốn da trắng hồng v&agrave; căng mịn hơn : uống mỗi ng&agrave;y 1 vi&ecirc;n nghệ mật ong.</li>\r\n	<li>♻*BẢO QUẢN: ngăn mát tủ lạnh</li>\r\n	<li>⏳*HẠN D&Ugrave;NG: 1 năm kể từ ng&agrave;y sản xuất Fanpage: V&igrave; t&ocirc;i đẹp</li>\r\n</ul>\r\n', 100, 'nuoc_uong_dinh_duong', 620000, 'hộp', 0, 'MEKENHANOI', 1, 1),
('73', 'BỘT HÀ THỦ Ô ĐỎ NGUYÊN CHẤT MẸ KEN', 'bot_ha_thu_o_do_nguyen_chat_me_ken', 'bot_ha_thu_o_do_nguyen_chat_me_ken.jpg', '<ul>\r\n	<li>*GI&Aacute; B&Aacute;N: 500,000/500gr - 900,00/1 kg</li>\r\n	<li>( KH&Ocirc;NG NGUY&Ecirc;N CHẤT v&agrave; KH&Ocirc;NG Đ&Uacute;NG L&Agrave; H&Agrave; THỦ &Ocirc; ĐỎ ĐỀN 1000000 lần)</li>\r\n	<li>MUỐN CHO XANH T&Oacute;C, ĐỎ DA</li>\r\n	<li>RỦ NHAU L&Ecirc;N N&Uacute;I T&Igrave;M H&Agrave; THỦ &Ocirc;</li>\r\n	<li>Như mọi người đ&atilde; biết, h&agrave; thủ &ocirc; đỏ ng&agrave;y c&agrave;ng khan hiếm v&agrave; thị trường xuất hiện rất nhiều h&agrave; thủ &ocirc; giả v&agrave; cả từ Trung Quốc đ&atilde; sử dụng hết chất xuất sang việt . Trước ti&ecirc;n, để phục vụ cho nhu cầu của Mẹ Ken v&agrave; gia đ&igrave;nh n&ecirc;n MẸ KEN đ&atilde; l&ecirc;n n&uacute;i để thu gom trực tiếp h&agrave; thủ &ocirc; đỏ tươi từ người d&acirc;n... Trung b&igrave;nh 1kg bột kh&ocirc; l&agrave;m tầm từ 7-8kg tươi.</li>\r\n	<li>H&Agrave; THỦ &Ocirc; c&oacute; 2 loại : trắng v&agrave; đỏ v&agrave; theo nghi&ecirc;n cứu th&igrave; h&agrave; thủ &ocirc; đỏ tốt v&agrave; hiệu quả hơn nhiều. V&agrave; trong đ&ocirc;ng y H&Agrave; THỦ &Ocirc; được phong l&agrave; th&aacute;nh dược</li>\r\n	<li>C&Aacute;CH SƠ CHẾ LOẠI BỎ ĐỘC T&Iacute;NH CỦA H&Agrave; THỦ &Ocirc; ĐỎ MẸ KEN</li>\r\n	<li>H&agrave; thủ &ocirc; nếu d&ugrave;ng tươi, phơi kh&ocirc;, nấu nước uống th&igrave; hợp chất chứa anthraquinone trong h&agrave; thủ &ocirc; l&agrave; độc t&iacute;nh sẽ g&acirc;y hại... ti&ecirc;u chảy d&ugrave;ng l&acirc;u g&acirc;y b&iacute; tiểu, vi&ecirc;m thận, ti&ecirc;u chảy, ảnh hưởng đến gan. V&igrave; vậy, h&agrave; thủ &ocirc; đỏ mang về được MẸ KEN rửa sạch, r&uacute;t l&otilde;i, ng&acirc;m qua 3 ng&agrave;y 3 đ&ecirc;m với nước gạo v&agrave; nấu c&ugrave;ng đậu đen trong v&ograve;ng 6h, sau đ&oacute; để đậu đen ngấm v&agrave;o miếng h&agrave; thủ &ocirc; rồi mới sấy kh&ocirc; v&agrave; xay mịn</li>\r\n	<li>*C&Ocirc;NG DỤNG: giảm đau lưng, bổ m&aacute;u, nhức mỏi, bổ can thận, cảm sốt, kh&iacute; hư bạch đới, sinh huyết dịch, xanh t&oacute;c, da dẻ mịn m&agrave;ng, chữa t&oacute;c bạc v&agrave; tăng cường sinh l&yacute;. Thường về t&oacute;c bạc nhiều sẽ c&oacute; hiệu quả sau 6 th&aacute;ng đến 1 năm.</li>\r\n	<li>*C&Aacute;CH SỬ DỤNG : d&ugrave;ng để uống. Pha từ 1- 2 th&igrave;a c&agrave; ph&ecirc; bột với nước ấm (c&oacute; thể th&ecirc;m mật ong để dễ uống)</li>\r\n	<li>♻*BẢO QUẢN: ngăn m&aacute;t tủ lạnh</li>\r\n	<li>⏳*HSD: 18 th&aacute;ng</li>\r\n</ul>\r\n', 100, 'nuoc_uong_dinh_duong', 500000, 'gói', 0, 'MEKENHANOI', 1, 1),
('74', 'HÀ THỦ Ô ĐỎ VIÊN MẬT ONG RỪNG MẸ KEN', 'ha_thu_o_do_vien_mat_ong_rung_me_ken', 'ha_thu_o_do_vien_mat_ong_rung_me_ken.jpg', '<ul>\r\n	<li>*PH&Acirc;N LOẠI V&Agrave; GI&Aacute; B&Aacute;N:</li>\r\n	<li>- H&Agrave; THỦ &Ocirc; ĐỎ VI&Ecirc;N MẬT ONG RỪNG: 650,000/500gr</li>\r\n	<li>- H&Agrave; THỦ &Ocirc; ĐỎ + Đậu đen xanh l&ograve;ng VI&Ecirc;N MẬT ONG RỪNG: 500,000/500gr</li>\r\n	<li>- H&Agrave; THỦ &Ocirc; ĐỎ + M&Egrave; ĐEN VI&Ecirc;N MẬT ONG RỪNG: 550,000/500gr</li>\r\n	<li>(KH&Ocirc;NG NGUY&Ecirc;N CHẤT v&agrave; KH&Ocirc;NG Đ&Uacute;NG L&Agrave; H&Agrave; THỦ &Ocirc; ĐỎ ĐỀN 1000000 lần)</li>\r\n	<li>MUỐN CHO XANH T&Oacute;C, ĐỎ DA</li>\r\n	<li>RỦ NHAU L&Ecirc;N N&Uacute;I T&Igrave;M H&Agrave; THỦ &Ocirc;</li>\r\n	<li>Như mọi người đ&atilde; biết, h&agrave; thủ &ocirc; đỏ ng&agrave;y c&agrave;ng khan hiếm v&agrave; thị trường xuất hiện rất nhiều h&agrave; thủ &ocirc; giả v&agrave; cả từ Trung Quốc đ&atilde; sử dụng hết chất xuất sang việt . Trước ti&ecirc;n, để phục vụ cho nhu cầu của Mẹ Ken v&agrave; gia đ&igrave;nh n&ecirc;n MẸ KEN đ&atilde; l&ecirc;n n&uacute;i để thu gom trực tiếp h&agrave; thủ &ocirc; đỏ tươi từ người d&acirc;n... Trung b&igrave;nh 1kg bột kh&ocirc; l&agrave;m tầm từ 7-8kg tươi.</li>\r\n	<li>H&Agrave; THỦ &Ocirc; c&oacute; 2 loại : trắng v&agrave; đỏ v&agrave; theo nghi&ecirc;n cứu th&igrave; h&agrave; thủ &ocirc; đỏ tốt v&agrave; hiệu quả hơn nhiều. V&agrave; trong đ&ocirc;ng y H&Agrave; THỦ &Ocirc; được phong l&agrave; th&aacute;nh dược</li>\r\n	<li>*C&Ocirc;NG DỤNG : giảm đau lưng, bổ m&aacute;u, nhức mỏi, bổ can thận, cảm sốt, kh&iacute; hư bạch đới, sinh huyết dịch, xanh t&oacute;c, da dẻ mịn m&agrave;ng, chữa t&oacute;c bạc v&agrave; tăng cường sinh l&yacute;. Thường về t&oacute;c bạc nhiều sẽ c&oacute; hiệu quả sau 6 th&aacute;ng đến 1 năm.</li>\r\n	<li>*C&Aacute;CH SƠ CHẾ LOẠI BỎ ĐỘC T&Iacute;NH CỦA H&Agrave; THỦ &Ocirc; ĐỎ MẸ KEN</li>\r\n	<li>H&agrave; thủ &ocirc; nếu d&ugrave;ng tươi, phơi kh&ocirc;, nấu nước uống th&igrave; hợp chất chứa anthraquinone trong h&agrave; thủ &ocirc; l&agrave; độc t&iacute;nh sẽ g&acirc;y hại... ti&ecirc;u chảy d&ugrave;ng l&acirc;u g&acirc;y b&iacute; tiểu, vi&ecirc;m thận, ti&ecirc;u chảy, ảnh hưởng đến gan. V&igrave; vậy, h&agrave; thủ &ocirc; đỏ mang về được MẸ KEN rửa sạch, r&uacute;t l&otilde;i, ng&acirc;m qua 3 ng&agrave;y 3 đ&ecirc;m với nước gạo v&agrave; nấu c&ugrave;ng đậu đen trong v&ograve;ng 6h, sau đ&oacute; để đậu đen ngấm v&agrave;o miếng h&agrave; thủ &ocirc; rồi mới sấy kh&ocirc; v&agrave; xay mịn, vi&ecirc;n mật ong.</li>\r\n	<li>*C&Aacute;CH SỬ DỤNG : 3- 6 vi&ecirc;n/ng&agrave;y... m&ugrave;i thơm vị dễ nhai</li>\r\n	<li>♻*BẢO QUẢN: ngăn m&aacute;t tủ lạnh</li>\r\n	<li>⏳*HSD: 18 th&aacute;ng</li>\r\n</ul>\r\n', 100, 'nuoc_uong_dinh_duong', 650000, 'hộp', 0, 'MEKENHANOI', 1, 1),
('75', 'XÀ PHÒNG THIÊN NHIÊN TRẮNG DA, LÀM GIẢM MỤN LƯNG MẸ KEN', 'xa_phong_thien_nhien_trang_da_lam_giam_mun_lung_me_ken', 'xa_phong_thien_nhien_trang_da_lam_giam_mun_lung_me_ken.jpg', '<ul>\r\n	<li>*TH&Agrave;NH PHẦN: Kiềm, tinh nghệ, quế, mật ong, c&agrave; ph&ecirc; nguy&ecirc;n chất, vỏ cam, bơ xo&agrave;i, dầu cọ, dầu dừa, dầu bơ, &ocirc; liu, hạnh nh&acirc;n, lavender, cator oil, vitamin E, glycerin v&agrave; một số th&agrave;nh phần thi&ecirc;n nhi&ecirc;n dưỡng da kh&aacute;c.</li>\r\n	<li>*C&Ocirc;NG DỤNG</li>\r\n	<li>- L&agrave;m giảm mụn lưng</li>\r\n	<li>- L&agrave;m trắng da.</li>\r\n	<li>- L&agrave;m giảm h&ocirc;i n&aacute;ch</li>\r\n	<li>⏳*HẠN D&Ugrave;NG: 1 năm kể từ ng&agrave;y sản xuất Fanpage: V&igrave; t&ocirc;i đẹp</li>\r\n</ul>\r\n', 100, 'dau_goi_sua_tam', 115000, 'bánh', 0, 'MEKENHANOI', 1, 1),
('76', 'SỮA TẮM LÁ KHỔ QUA RỪNG MẸ KEN / 100ml', 'sua_tam_la_kho_qua_rung_me_ken', 'sua_tam_la_kho_qua_rung_me_ken.jpg', '<ul>\r\n	<li>Rất nhiều b&agrave; mẹ than thở khi trời nắng n&oacute;ng, c&aacute;c thi&ecirc;n thần b&eacute; bỏng của m&igrave;nh bị r&ocirc;m sảy, ngứa ng&aacute;y, m&ugrave;i chua cơ thể của con rất nặng, &hellip; V&agrave; sau khi sử dụng con đ&atilde; kh&ocirc;ng c&ograve;n ngứa ng&aacute;y kh&oacute; chịu, r&ocirc;m sảy cũng hết. Con khỏe l&agrave; mẹ vui</li>\r\n	<li>C&aacute;c chị em bầu b&iacute; suốt thời gian 9 th&aacute;ng 10 ng&agrave;y cơ thể nặng m&ugrave;i, ngứa ng&aacute;y b&iacute; b&aacute;ch kh&oacute; chịu</li>\r\n	<li>C&aacute;c bạn bị mụn lưng, ngứa, dị ứng cơ thể.</li>\r\n	<li>TH&Agrave;NH PHẦN: Với th&agrave;nh phần ho&agrave;n to&agrave;n thi&ecirc;n nhi&ecirc;n nhẹ dịu cho b&eacute;, chiết xuất từ l&aacute; khổ qua rừng, ch&egrave; xanh, trầu kh&ocirc;ng, l&aacute; kinh giới, l&aacute; v&ograve;i voi, l&aacute; ổi, s&agrave;i đất, bạc h&agrave;,....</li>\r\n	<li>*C&Ocirc;NG DỤNG: L&agrave;m sạch, ngăn ngừa r&ocirc;m sảy, ngứa ng&aacute;y, mụn nhọt v&agrave; m&ugrave;i h&ocirc;i cơ thể</li>\r\n	<li>*HƯỚNG DẤN SỬ DỤNG: Tắm h&agrave;ng ng&agrave;y. Sau khi l&agrave;m ướt cơ thể, lấy một lượng vừa đủ v&agrave; tắm như b&igrave;nh thường.</li>\r\n	<li>♻*BẢO QUẢN: Bảo quản sản phẩm ở nơi kh&ocirc; r&aacute;o, tho&aacute;ng m&aacute;t. C&oacute; nhiệt độ dưới 30 độ C</li>\r\n	<li>⏳*HSD: 12 th&aacute;ng Fanpage: V&igrave; t&ocirc;i đẹp</li>\r\n</ul>\r\n', 100, 'dau_goi_sua_tam', 145000, 'lọ', 0, 'MEKENHANOI', 1, 1),
('77', 'SỮA TẮM SÁNG DA MẸ KEN / 250ml', 'sua_tam_sang_da_me_ken', 'sua_tam_sang_da_me_ken.jpg', '<ul>\r\n	<li>*TH&Agrave;NH PHẦN: sữa b&ograve; tươi nguy&ecirc;n chất 100%, bột nh&acirc;n s&acirc;m, tinh chất khổ qua, tr&agrave;m tr&agrave;, tr&agrave; xanh, tinh bột nghệ, s&aacute;p đậu n&agrave;nh, bột c&acirc;y đa ni&ecirc;n, tinh chất l&aacute; ổi v&agrave; tinh chất củ cải trắng.</li>\r\n	<li>*C&Ocirc;NG DỤNG: L&agrave;m sạch, s&aacute;ng mịn da, dưỡng ẩm v&agrave; l&agrave;m trắng da.</li>\r\n	<li>*C&Aacute;CH DỤNG: Hướng dẫn sử dụng: D&ugrave;ng để tắm h&agrave;ng ng&agrave;y. 1 &ndash; 2 lần/ng&agrave;y. Lắc kĩ trước khi sử dụng.</li>\r\n	<li>♻*BẢO QUẢN: bảo quản sản phẩm ở nơi kh&ocirc; r&aacute;o, tho&aacute;ng m&aacute;t v&agrave; c&oacute; nhiệt độ dưới 30 độ.</li>\r\n	<li>⏳*HSD: 1 năm Fanpage: V&igrave; t&ocirc;i đẹp</li>\r\n</ul>\r\n', 100, 'dau_goi_sua_tam', 195000, 'lọ', 0, 'MEKENHANOI', 1, 3),
('78', 'TẮM TRẮNG THIÊN NHIÊN 11 VỊ THUỐC BẮC MẸ KEN / 200ml', 'tam_trang_thien_nhien_11_vi_thuoc_bac_me_ken', 'tam_trang_thien_nhien_11_vi_thuoc_bac_me_ken.jpg', '<ul>\r\n	<li>*TH&Agrave;NH PHẦN: Bạch đinh hương, bạch cương t&agrave;m, bạch li&ecirc;n, chiết xuất tảo biển, chiết xuất khổ qua, Alpha Arbutin chiết xuất từ Quả Bearberry, tinh dầu y lan, tinh gấc, vitamin C, vitamin E, collagen ...... Đ&atilde; được Bộ Y Tế chứng nhận an to&agrave;n tuyệt đối cho người sử dụng.</li>\r\n	<li>*C&Ocirc;NG DỤNG :</li>\r\n	<li>- Giải độc tố hiệu quả cho l&agrave;n da tối m&agrave;u, sạm, n&aacute;m thiếu sức sống, đồng thời se kh&iacute;t lỗ ch&acirc;n l&ocirc;ng. Tăngsự t&aacute;i tạo của tế b&agrave;o.</li>\r\n	<li>- Loại bỏ c&aacute;c nếp nhăn, vết rạn, da sần s&ugrave;i, ngăn ngừa l&atilde;o ho&aacute; hiệu quả, tăng sức đề kh&aacute;ng cho da</li>\r\n	<li>- Th&agrave;nh phần gi&agrave;u dưỡng chất chống oxy ho&aacute; v&agrave; dưỡng trắng chuy&ecirc;n s&acirc;u chiết xuất từ c&aacute;c tinh chất v&agrave; c&aacute;c vị thuốc bắc&hellip;Sẽ đem đến cho bạn l&agrave;n da trắng s&aacute;ng rạng ngời kh&ocirc;ng tỳ vết.</li>\r\n	<li>Ph&ugrave; hợp cho mọi loại da.</li>\r\n	<li>*C&Aacute;CH SỬ DỤNG :</li>\r\n	<li>+ Ủ trắng thi&ecirc;n nhi&ecirc;n trong v&ograve;ng 15&#39;.</li>\r\n	<li>+ N&ecirc;n tẩy tế b&agrave;o chết trước khi ủ để c&oacute; kết quả tốt.</li>\r\n	<li>+ Ủ 1 tuần 1 lần v&agrave; tắm lại bằng nước sạch sau khi ủ trắng.</li>\r\n	<li>1 hộp ủ được 10 lần.</li>\r\n	<li>♻*BẢO QUẢN : nơi kh&ocirc; r&aacute;o, tho&aacute;ng m&aacute;t</li>\r\n	<li>⏳*HẠN D&Ugrave;NG : 2 năm kể từ ng&agrave;y sản xuất Fanpage: V&igrave; t&ocirc;i đẹp</li>\r\n</ul>\r\n', 100, 'dau_goi_sua_tam', 390000, 'tuýp', 0, 'MEKENHANOI', 1, 1),
('79', 'DẦU TRÀM / 100ml', 'dau_tram', 'dau_tram.jpg', '<ul>\r\n	<li>NH&Agrave; PH&Acirc;N PHỐI DẦU TR&Agrave;M CH&Iacute;NH H&Atilde;NG AN TO&Agrave;N 100%</li>\r\n	<li>*C&Ocirc;NG DỤNG</li>\r\n	<li>- Ph&ograve;ng chống cảm lạnh, l&agrave;m giảm ho, tr&uacute;ng gi&oacute; v&agrave; bảo vệ hệ h&ocirc; hấp.</li>\r\n	<li>- Giảm thiểu t&igrave;nh trạng vi&ecirc;m nhiễm, cải thiện c&aacute;c bệnh vi&ecirc;m mũi dị ứng v&agrave; vi&ecirc;m xoang</li>\r\n	<li>- Giảm c&aacute;c cơn đau ở khớp tay, ch&acirc;n.L&agrave;m dịu vết c&ocirc;n tr&ugrave;ng cắn</li>\r\n</ul>\r\n', 100, 'cham_soc_da_mat', 180000, 'chai', 0, 'MEKENHANOI', 1, 1),
('80', 'TINH DẦU SẢ CHANH NGUYÊN CHẤT MẸ KEN / 100ml', 'tinh_dau_sa_chanh_nguyen-chat_me_ken ', 'tinh_dau_sa_chanh_nguyen_chat_me_ken.jpg', '<ul>\r\n	<li>*TH&Agrave;NH PHẦN: 100% sả qu&ecirc; nguy&ecirc;n chất được chưng cất lấy tinh dầu.</li>\r\n	<li>*C&Ocirc;NG DỤNG: Diệt khuẩn hiệu quả gi&uacute;p l&agrave;m sạch kh&ocirc;ng kh&iacute;. Giảm đau đầu, căng thẳng gi&uacute;p ngủ ngon, s&acirc;u giấc. Hỗ trợ điều trị đau cơ, giảm căng cơ, giảm vết đau do c&ocirc;n tr&ugrave;ng cắn, l&agrave;m đẹp da, chăm s&oacute;c da. Khử m&ugrave;i gi&uacute;p đuổi c&ocirc;n tr&ugrave;ng, chống bọ ch&eacute;t. X&ocirc;ng hơi giải cảm, hạ sốt, giải độc tố, l&agrave;m ấm cơ thể,&hellip;</li>\r\n	<li>*C&Aacute;CH D&Ugrave;NG:</li>\r\n	<li>Massage: Lấy 2 - 3 giọt tinh dầu sả chanh pha với dầu nền( dầu hạnh nh&acirc;n, dầu hạt nho, dầu hướng dương hoặc dầu olive) rồi d&ugrave;ng để massage.</li>\r\n	<li>X&ocirc;ng: Lấy 2 &ndash; 3 giọt tinh dầu sả chanh cho v&agrave;o đ&egrave;n hoặc nhỏ v&agrave;o nước n&oacute;ng để x&ocirc;ng.</li>\r\n	<li>X&ocirc;ng đuổi muỗi: x&ocirc;ng 5 giọt tinh dầu sả chanh.</li>\r\n	<li>Đuổi bọ ch&eacute;t, rận cho ch&oacute; m&egrave;o: Thấm trực tiếp 2 &ndash; 3 giọt tinh dầu sả chanh v&agrave;o d&acirc;y qu&agrave;ng quanh cổ.</li>\r\n	<li>♻*BẢO QUẢN: Nơi kh&ocirc; r&aacute;o, tho&aacute;ng m&aacute;t, tr&aacute;nh &aacute;nh nắng chiếu trực tiếp v&agrave;o sản phẩm</li>\r\n	<li>⏳*HSD: 24 th&aacute;ng&nbsp;</li>\r\n	<li>*LƯU &Yacute;: Đậy k&iacute;n nắp sau khi sử dụng. Kh&ocirc;ng để tinh dầu d&iacute;nh v&agrave;o mắt, v&ugrave;ng nhạy cảm. Kh&ocirc;ng sử dụng trực tiếp l&ecirc;n da (pha lo&atilde;ng với tỉ lệ 1/10 hoặc 1/20 để d&ugrave;ng). Fanpage: V&igrave; t&ocirc;i đẹp</li>\r\n</ul>\r\n', 100, 'dau_goi_sua_tam', 350000, 'lọ', 0, 'MEKENHANOI', 1, 1),
('81', 'TINH DẦU GẤC NGUYÊN CHẤT MẸ KEN / 50ml', 'tinh_dau_gac_nguyen_chat_me_ken', 'tinh_dau_gac_nguyen_chat_me_ken.jpg', '<ul>\r\n	<li>TINH GẤC NGUY&Ecirc;N CHẤT MẸ KEN được chiết xuất ho&agrave;n to&agrave;n 100% từ tr&aacute;i gấc tươi, KH&Ocirc;NG PHA TRỘN BẤT CỨ LOẠI DẦU G&Igrave;</li>\r\n	<li>*C&Ocirc;NG DỤNG :</li>\r\n	<li>- L&Agrave;M TRẮNG HỒNG DA &amp; M&Ocirc;I</li>\r\n	<li>- L&Agrave;M GIẢM N&Aacute;M M&Aacute;, T&Agrave;N NHANG</li>\r\n	<li>- UỐNG TĂNG CƯỜNG VITAMIN A</li>\r\n	<li>- NGỪA UNG THƯ, ĐẸP DA</li>\r\n	<li>*C&Aacute;CH D&Ugrave;NG:</li>\r\n	<li>- Tẩy trang: b&ocirc;i 1 lớp mỏng massage nhẹ nh&agrave;ng 5 gi&acirc;y. Sau đ&oacute; d&ugrave;ng b&ocirc;ng tẩy trang hoặc khăn kh&ocirc; mềm lau sạch v&agrave; tiếp tục lau nhẹ nh&agrave;ng lại với khăn ướt.Nếu l&agrave; buổi tối c&oacute; thể sử dụng sữa rửa mặt để rửa sạch nhanh lại lần cuối</li>\r\n	<li>- Ăn dặm: bỏ khoảng 1- 2 muỗng canh v&agrave;o ch&aacute;o ăn dặm cho trẻ em.</li>\r\n	<li>- Ngo&agrave;i ra c&oacute; thể uống từ 1 &ndash; 2 th&igrave;a/ ng&agrave;y để tăng cường Vitamin A v&agrave; chống l&atilde;o h&oacute;a cho người lớn v&agrave; trẻ em.</li>\r\n	<li>♻*BẢO QUẢN: ngăn m&aacute;t tủ lạnh hoặc b&ecirc;n ngo&agrave;i nhiệt độ dưới 30 độ C</li>\r\n	<li>⏳*HẠN D&Ugrave;NG: 12 th&aacute;ng kể từ ng&agrave;y sản xuất</li>\r\n</ul>\r\n', 100, 'cham_soc_da_mat', 170000, 'lọ', 0, 'MEKENHANOI', 1, 1),
('82', 'XỊT KHOÁNG THẢO MỘC THIÊN NHIÊN MẸ KEN / 100ml\r\n', 'xit_khoang_thao_moc_thien_nhien_me_ken', 'xit_khoang_thao_moc_thien_nhien_me_ken.jpg', '<ul>\r\n	<li>*TH&Agrave;NH PHẦN : Chiết xuất 100% từ hoa hồng, hoa c&uacute;c trắng, ng&atilde;i cứu, khổ qua,tr&agrave; xanh, củ dền, dưa leo..... v&agrave; Hyaluronic axit .</li>\r\n	<li>*C&Ocirc;NG DỤNG: Phục hồi da nhiễm ch&igrave; v&agrave; nhiễm corticoid, l&agrave;m dịu da k&iacute;ch ứng v&agrave; mụn, se lỗ ch&acirc;n l&ocirc;ng, s&aacute;ng mịn, cấp ẩm v&agrave; chống nhăn cho da, chống tia bức xạ của &aacute;nh nắng mặt trời, kh&aacute;ng khuẩn..... TH&Iacute;CH HỢP cho tất cả mọi loại da kể cả da mẫn cảm v&agrave; dễ k&iacute;ch ứng.</li>\r\n	<li>*C&Aacute;CH D&Ugrave;NG: Xịt cấp ẩm hằng ng&agrave;y, xịt khi trang điểm dưỡng da, xịt trước khi dưỡng da đi ngủ...</li>\r\n	<li>SẢN PHẨM KH&Ocirc;NG HỀ CHỨA HƯƠNG LIỆU M&Ugrave;I CHỦ ĐẠO KH&Ocirc;NG THƠM NG&Aacute;T DO TR&Iacute;CH LY TỪ C&Aacute;C LOẠI L&Aacute;, HOA, CỦ</li>\r\n	<li>♻*BẢO QUẢN: ngăn m&aacute;t tủ lạnh hoặc b&ecirc;n ngo&agrave;i nhiệt độ dưới 30 độ C</li>\r\n	<li>⏳*HẠN D&Ugrave;NG: 1 năm kể từ ng&agrave;y sản xuất</li>\r\n	<li>*LƯU &Yacute;:</li>\r\n	<li>C&aacute;c loại TONER của Mẹ Ken l&agrave; loại xịt khi ở nh&agrave;, v&agrave; sử dụng ho&agrave;n to&agrave;n độc lập v&agrave; kh&ocirc;ng d&ugrave;ng k&egrave;m sản phẩm kh&aacute;c Fanpage: V&igrave; t&ocirc;i đẹp</li>\r\n</ul>\r\n', 100, 'cham_soc_da_mat', 190000, 'lọ', 0, 'MEKENHANOI', 1, 1),
('83', 'TONER DƯỠNG DA DIẾP CÁ TRÀM TRÀ MẸ KEN / 100ml', 'toner_duong_da_diep_ca_tram_tra_me_ken', 'toner_duong_da_diep_ca_tram_tra_me_ken.jpg', '<ul>\r\n	<li>*TH&Agrave;NH PHẦN : tinh chất diếp c&aacute; c&ocirc; đặc, tinh chất tr&agrave;m tr&agrave;, vitamin E, dầu c&aacute;m gạo, tinh chất dầu hạt phỉ...</li>\r\n	<li>Sản phẩm ho&agrave;n to&agrave;n kh&ocirc;ng chứa hương liệu chỉ c&oacute; m&ugrave;i thơm nhẹ của tr&agrave;m tr&agrave;, an to&agrave;n tuyệt đối cho da, kh&ocirc;ng bắt nắng...</li>\r\n	<li>*C&Ocirc;NG DỤNG : se kh&iacute;t lỗ ch&acirc;n l&ocirc;ng, l&agrave;m giảm mụn, vi&ecirc;m, ngứa, s&aacute;ng mịn da...</li>\r\n	<li>*C&Aacute;CH D&Ugrave;NG: xịt ng&agrave;y 2 lần để dưỡng da</li>\r\n	<li>- Lắc đều, xịt c&aacute;ch mặt 20-25cm như phun sương hoặc xịt l&ecirc;n cotton lau nhẹ khắp mặt.</li>\r\n	<li>- Buổi trưa xịt đi ngủ, dậy rửa mặt lại với nước lạnh</li>\r\n	<li>- Buổi tối ai kh&ocirc;ng d&ugrave;ng kem dưỡng th&igrave; xịt đi ngủ</li>\r\n	<li>- Ph&ugrave; hợp cho d&acirc;n văn ph&ograve;ng, người ở trong ph&ograve;ng lạnh.</li>\r\n	<li>♻*BẢO QUẢN: Bỏ ngăn m&aacute;t tủ lạnh v&agrave; lắc đều khi sử dụng.</li>\r\n	<li>⏳*HẠN D&Ugrave;NG : 1 năm kể từ ng&agrave;y sản xuất</li>\r\n	<li>*LƯU &Yacute; : C&aacute;c loại TONER của Mẹ Ken l&agrave; loại xịt khi ở nh&agrave;, v&agrave; sử dụng ho&agrave;n to&agrave;n độc lập v&agrave; kh&ocirc;ng d&ugrave;ng k&egrave;m với sản phẩm kh&aacute;c Fanpage: V&igrave; t&ocirc;i đẹp</li>\r\n</ul>\r\n', 100, 'cham_soc_da_mat', 115000, 'lọ', 0, 'MEKENHANOI', 1, 3),
('84', 'TINH DẦU BƠ MẸ KEN / 50ml', 'tinh_dau_bo_me_ken', 'tinh_dau_bo_me_ken.jpg', '<ul>\r\n	<li>*GI&Aacute; B&Aacute;N:</li>\r\n	<li>- 50ml: 130,000</li>\r\n	<li>- 100ml: 250,000</li>\r\n	<li>*C&Ocirc;NG DỤNG: L&agrave;m chậm qu&aacute; tr&igrave;nh l&atilde;o h&oacute;a, chống nhăn cho da, gi&uacute;p t&aacute;i tạo tế b&agrave;o da, tăng độ đ&agrave;n hồi cho da, l&agrave;m da căng mịn, tươi s&aacute;ng, phục hồi t&oacute;c hư tổn, kiểm so&aacute;t qu&aacute; tr&igrave;nh trao đổi chất, giảm vi&ecirc;m nhiễm, tốt cho ti&ecirc;m mạch</li>\r\n	<li>*C&Aacute;CH D&Ugrave;NG:</li>\r\n	<li>- Tẩy trang: b&ocirc;i 1 lớp mỏng massage nhẹ nh&agrave;ng 5 gi&acirc;y. Sau đ&oacute; d&ugrave;ng b&ocirc;ng tẩy trang hoặc khăn kh&ocirc; mềm lau sạch v&agrave; tiếp tục lau nhẹ nh&agrave;ng lại với khăn ướt.Nếu l&agrave; buổi tối c&oacute; thể sử dụng sữa rửa mặt để rửa sạch nhanh lại lần cuối</li>\r\n	<li>- Ăn dặm: bỏ khoảng 1- 2 muỗng canh v&agrave;o ch&aacute;o ăn dặm cho trẻ em.</li>\r\n	<li>♻*BẢO QUẢN: ngăn m&aacute;t tủ lạnh hoặc nhiệt độ dưới 30 độ C</li>\r\n	<li>⏳*HẠN D&Ugrave;NG: 12 th&aacute;ng kể từ ng&agrave;y sản xuất</li>\r\n</ul>\r\n', 100, 'cham_soc_da_mat', 130000, 'lọ', 0, 'MEKENHANOI', 1, 1),
('85', 'TINH CHẤT LÀM GIẢM THÂM MỤN SÁNG HỒNG DA MẸ KEN / 50ml\r\n', 'tinh_chat_lam_giam_tham_mun_me_ken', 'tinh_chat_lam_giam_tham_mun_me_ken.jpg', '<ul>\r\n	<li>*TH&Agrave;NH PHẦN : Nghệ đỏ, bạch phục linh, hạnh nh&acirc;n, bạch c&uacute;c hoa, bạch quả, mật ong rừng, s&acirc;m, bạch chỉ v&agrave; 1 số vị thuốc thi&ecirc;n nhi&ecirc;n gia truyền.</li>\r\n	<li>*C&Ocirc;NG DỤNG:</li>\r\n	<li>L&agrave;m mờ vết bỏng, l&agrave;m mờ vết th&acirc;m mụn, sẹo l&otilde;m, vết đốt lazer (như đốt t&agrave;n nhang, đốt nốt ruồi), vết thương t&eacute; ng&atilde; trầy xướt tr&ecirc;n v&ugrave;ng mặt, vết thương sau phẫu thuật đ&atilde; l&agrave;nh miệng gi&uacute;p t&aacute;i tạo da, ngăn ngừa mụn, sẹo l&otilde;m...</li>\r\n	<li>*C&Aacute;CH SỬ DỤNG:</li>\r\n	<li>- B&ocirc;i l&ecirc;n mặt lớp mỏng như mặt nạ, mỗi ng&agrave;y 1 - 2 lần, mỗi lần để 30 - 45 ph&uacute;t v&agrave; rửa sạch 50% bằng nước lạnh. Kh&ocirc;ng được để qua đ&ecirc;m.</li>\r\n	<li>♻*BẢO QUẢN: b&ecirc;n ngo&agrave;i nhiệt độ thường</li>\r\n	<li>⏳*HẠN D&Ugrave;NG: 2 năm kể từ ng&agrave;y sản xuất</li>\r\n</ul>\r\n', 100, 'cham_soc_da_mat', 285000, 'lọ', 0, 'MEKENHANOI', 1, 1),
('86', 'KHỬ MÙI THIÊN NHIÊN MẸ KEN / 50ml\r\n', 'khu_mui_thien_nhien_me_ken', 'khu_mui_thien_nhien_me_ken.jpg', '<ul>\r\n	<li>*TH&Agrave;NH PHẦN: Bột quế, bột c&agrave; ph&ecirc;, tinh dầu sả chanh, bột chanh, bột h&uacute;t m&ugrave;i, tinh dầu bạc h&agrave;, tinh dầu cam,&hellip;</li>\r\n	<li>*C&Ocirc;NG DỤNG: Khử m&ugrave;i xe &ocirc; t&ocirc;, ph&ograve;ng ốc, tủ quần &aacute;o. V&igrave; l&agrave; th&agrave;nh phần 100% từ thi&ecirc;n nhi&ecirc;n v&agrave; tinh dầu n&ecirc;n tạo cảm gi&aacute;c thơm m&aacute;t, hưng phấn, sảng kho&aacute;i, giảm buồn n&ocirc;n cho người say xe. Khử m&ugrave;i hiệu quả lại tốt cho sức khỏe. Khử m&ugrave;i hiệu quả cho xe mới như vừa bước v&agrave;o spa.</li>\r\n	<li>*C&Aacute;CH D&Ugrave;NG: Mở nắp ho&agrave;n to&agrave;n khi sử dụng</li>\r\n	<li>♻*BẢO QUẢN: nơi kh&ocirc; r&aacute;o, tho&aacute;ng m&aacute;t.</li>\r\n	<li>⏳*HSD: 6 th&aacute;ng kể từ ng&agrave;y mở nắp</li>\r\n</ul>\r\n', 100, 'dau_goi_sua_tam', 220000, 'hủ', 0, 'MEKENHANOI', 1, 1),
('87', 'KEM MÁT DỊU DA MẸ KEN / 30ml', 'kem_mat_diu_da_me_ken', 'kem_mat_diu_da_me_ken.jpg', '<ul>\r\n	<li>*TH&Agrave;NH PHẦN : Tr&iacute;ch li rễ cam thảo, vitamin K, chiết xuất c&uacute;c la m&atilde;, trầu kh&ocirc;g, rau m&aacute;, mướp đắng, nước c&acirc;y phỉ</li>\r\n	<li>*C&Ocirc;NG DỤNG:</li>\r\n	<li>+ L&agrave;m da mịn mướt ngay đ&ecirc;m đầu ti&ecirc;n sử dụng</li>\r\n	<li>+ Da ng&agrave;y c&agrave;ng khoẻ mạnh, s&aacute;ng hồng, mịn m&agrave;ng v&agrave; se nhỏ lỗ ch&acirc;n l&ocirc;ng</li>\r\n	<li>+ Chất kem thẩm thấu cực nhanh, kh&ocirc;ng nhờn, kh&ocirc;ng bết d&iacute;nh.</li>\r\n	<li>*C&Aacute;CH D&Ugrave;NG :</li>\r\n	<li>+ Chỉ đ&aacute;nh lớp mỏng cho to&agrave;n bộ v&ugrave;ng mặt trc khi đi ngủ</li>\r\n	<li>+ Chỉ dưỡng ban đ&ecirc;m, giữ nắng khi đang điều trị để c&oacute; kết quả tốt</li>\r\n	<li>+ Đối với da đang nghiện corticoid th&igrave; ngưng KEM chứa Corticoid v&agrave; chuyển qua x&agrave;i kem dưỡng phụ hồi MẸ KEN ngay lập tức, tiếp tục x&agrave;i kem dưỡng phục hồi MẸ KEN trong v&ograve;ng 2 th&aacute;ng</li>\r\n	<li>+ Kh&aacute;ch th&iacute;ch x&agrave;i c&oacute; thể d&ugrave;ng lu&ocirc;n. Nếu muốn chuyển d&ograve;ng kh&aacute;c hoặc ngưng th&igrave; l&uacute;c đ&oacute; ngưng b&igrave;nh thường. Khi đ&oacute; da đ&atilde; trở th&agrave;nh b&igrave;nh thường kh&ocirc;ng nghiện ngập g&igrave; cả.</li>\r\n	<li>♻*BẢO QUẢN : ngăn m&aacute;t tủ lạnh hoặc nhiệt độ m&aacute;t dưới 30 độ.</li>\r\n	<li>⏳*HẠN D&Ugrave;NG: 1 năm kể từ ng&agrave;y sản xuất</li>\r\n	<li>*CHỈ ĐỊNH CHO DA :</li>\r\n	<li>+ Da đang bị nghiện corticoid (l&agrave; da bị nổi ngứa, nổi mụn, sần sau 7 ng&agrave;y ngưng d&ugrave;ng corticoid&hellip;..)</li>\r\n	<li>+ Da b&igrave;nh thường v&agrave; da cần dưỡng phục hồi sau khi d&ugrave;ng 2 loại kem đặc trị MẸ KEN</li>\r\n	<li>+ C&oacute; thể d&ugrave;ng kem l&oacute;t trang điểm để dưỡng v&agrave; ngăn chặn lớp ho&aacute; chất thẩm thấu v&agrave;o da</li>\r\n	<li>*CHỐNG CHỈ ĐỊNH:</li>\r\n	<li>+ Da nhiễm corticoid nặng đ&atilde; l&agrave;m da mưng mủ, chảy nước v&agrave;ng, &hellip;</li>\r\n	<li>Đối với trường hợp n&agrave;y n&ecirc;n đến b&aacute;c sĩ. Fanpage: V&igrave; t&ocirc;i đẹp</li>\r\n</ul>\r\n', 100, 'cham_soc_da_mat', 390000, 'hủ', 0, 'MEKENHANOI', 1, 1),
('88', 'KEM CHỐNG NHĂN, LÀM GIẢM THÂM VÙNG MẮT HẠNH NHÂN / 30ml', 'kem_chong_nhan_lam_giam_vung_tham_mat_hanh_nhan', 'kem_chong_nhan_lam_giam_vung_tham_mat_hanh_nhan.jpg', '<ul>\r\n	<li>*TH&Agrave;NH PHẦN: bơ shea,bơ cacao,castor oil,dầu bơ,dầu m&acirc;m x&ocirc;i,dầu hạnh nh&acirc;n,vitamin e,bơ xo&agrave;i,dầu dừa,vitamin K,alpha arbutin ...</li>\r\n	<li>*C&Ocirc;NG DỤNG :</li>\r\n	<li>- Dưỡng ẩm, l&agrave;m giảm th&acirc;m v&ugrave;ng mắt, chống nhăn, chống bọng v&ugrave;ng mắt, gi&uacute;p sẹo mờ dần, chữa l&agrave;nh mọi k&iacute;ch ứng da, dưỡng chống nhăn da, l&agrave;m mờ đốm n&acirc;u, t&agrave;n nhang. Sử dụng cho trẻ con khi v&agrave;o trời gi&oacute; lạnh, 2 m&aacute; của b&eacute; bị đỏ r&aacute;t, l&agrave;m giảm rạn da, ngăn chảy xệ da, &hellip;</li>\r\n	<li>- Rất tốt cho da l&atilde;o h&oacute;a, da kh&ocirc;, da v&ugrave;ng mắt, &hellip; KH&Ocirc;NG D&Ugrave;NG cho da bị mụn mủ hoặc qu&aacute; nhờn.</li>\r\n	<li>*C&Aacute;CH D&Ugrave;NG: B&ocirc;i 1 lớp mỏng v&agrave; massage nhẹ nh&agrave;ng trong v&ograve;ng 1 ph&uacute;t v&ugrave;ng mắt mỗi tối trước khi đi ngủ</li>\r\n	<li>♻*BẢO QUẢN: ngăn m&aacute;t tủ lạnh hoặc nhiệt độ dưới 30 độ</li>\r\n	<li>⏳*HẠN D&Ugrave;NG: 1 năm kể từ ng&agrave;y sản xuất Fanpage: V&igrave; t&ocirc;i đẹp</li>\r\n</ul>\r\n', 100, 'cham_soc_da_mat', 360000, 'hủ', 0, 'MEKENHANOI', 1, 1);
INSERT INTO `product_info` (`id_product`, `name_product`, `name_product_no_vietnamse`, `image_product`, `describle_product`, `quantity_inventory`, `sub_catalog`, `price_product`, `unit`, `point_promotion`, `producer_publisher`, `highlights`, `status_product`) VALUES
('89', 'DẦU DỪA NGUYÊN CHẤT MẸ KEN / 50ml', 'dau_dua_nguyen_chat_me_ken', 'dau_dua_nguyen_chat_me_ken.jpg', '<ul>\r\n	<li>L&agrave; sản phẩm thi&ecirc;n nhi&ecirc;n n&ecirc;n an to&agrave;n, ho&agrave;n to&agrave;n từ cơm dừa v&agrave; được nấu bằng than củi .</li>\r\n	<li>Kh&ocirc;ng sử dụng bất kỳ tạp chất g&igrave;. Sản phẩm Dầu dừa nguy&ecirc;n chất Mẹ Ken c&oacute; m&agrave;u sắc đậm nhạt t&ugrave;y theo độ lửa v&agrave; thời gian nấu nhưng ho&agrave;n to&agrave;n kh&ocirc;ng ảnh hưởng đến chất lượng sản phẩm . C&aacute;c bạn c&oacute; thể cảm nhận được hương thơm ngọt ng&agrave;o của dừa khi sử dụng.</li>\r\n	<li>*C&Ocirc;NG DỤNG:</li>\r\n	<li>&ndash; Dưỡng ẩm cho da, tăng t&iacute;nh đ&agrave;n hồi v&agrave; bổ sung dưỡng chất cho l&agrave;n da của bạn</li>\r\n	<li>&ndash; Gi&uacute;p tẩy sạch hiệu quả lớp trang điểm v&agrave; bụi bẩn b&aacute;m tr&ecirc;n da</li>\r\n	<li>&ndash; Gi&uacute;p mọc t&oacute;c, duy tr&igrave; độ ầm cho t&oacute;c v&agrave; giữ t&oacute;c b&oacute;ng mượt</li>\r\n	<li>&ndash; Hương thơm tự nhi&ecirc;n của dừa gi&uacute;p k&iacute;ch th&iacute;ch cảm x&uacute;c v&agrave; giảm stress</li>\r\n	<li>&ndash; Th&agrave;nh phần nguy&ecirc;n chất tinh khiết kh&ocirc;ng chất tẩy trong, chất tạo m&ugrave;i, gi&uacute;p cho h&agrave;m lượng hữu cơ của dầu dừa nguy&ecirc;n vẹn</li>\r\n	<li>- D&ugrave;ng để uống, s&uacute;c thơm miệng.</li>\r\n	<li>- Cho trẻ ăn dặm</li>\r\n	<li>Thời hạn cho sản phẩm : 12 th&aacute;ng nếu để b&ecirc;n ngo&agrave;i hoặc c&oacute; thể lưu trữ l&acirc;u hơn trong tủ lạnh.</li>\r\n</ul>\r\n', 100, 'nuoc_uong_dinh_duong', 100000, 'lọ', 0, 'MEKENHANOI', 1, 1),
('90', 'GEL RỬA MẶT MẸ KEN / 100ml', 'gel_rua_mat_me_ken', 'gel_rua_mat_me_ken.jpg', '<ul>\r\n	<li>*TH&Agrave;NH PHẦN :</li>\r\n	<li>- Chiết xuất khổ qua, tinh nghệ đỏ, vitamin C, Alpha Arbutin, collagen, tinh dầu tr&agrave;m tr&agrave;, s&aacute;p ong, vitamin E, tinh chất tr&agrave; xanh, chiết xuất hoa c&uacute;c, &hellip;</li>\r\n	<li>Đ&atilde; được bộ y tế chứng nhận an to&agrave;n tuyệt đối cho người sử dụng</li>\r\n	<li>- Ho&agrave;n to&agrave;n kh&ocirc;ng sử dụng hương liệu, kh&ocirc;ng chất bảo quản. Dịu nhẹ với da nhạy cảm, an to&agrave;n tuyệt đối cho phụ nữ mang thai v&agrave; trẻ nhỏ.</li>\r\n	<li>- Cơ chế l&agrave;m sạch của GEL l&agrave; h&ograve;a tan c&aacute;c chất bẩn v&agrave; mỹ phẩm tr&ecirc;n da chứ ko phải l&agrave; tẩy ra như c&aacute;c chủng loại kh&aacute;c ( sữa/ kem rửa mặt). N&ecirc;n sữa rửa mặt DẠNG GEL gi&uacute;p l&agrave;m sạch s&acirc;u m&agrave; ko bị kh&ocirc; căng như sau khi d&ugrave;ng sữa hoặc kem , giữ g&igrave;n được độ ẩm tự nhi&ecirc;n của da .</li>\r\n	<li>- Sau khi rửa xong bạn sẽ cảm thấy h&agrave;i l&ograve;ng v&igrave; l&agrave;n da ko c&oacute; cảm gi&aacute;c nặng m&agrave; ngược lại rất tho&aacute;ng m&aacute;t, nhẹ nh&agrave;ng v&agrave; sạch sẽ hơn bao giờ hết.</li>\r\n	<li>*C&Ocirc;NG DỤNG : L&agrave;m trắng hồng, sạch s&acirc;u, thu nhỏ lỗ ch&acirc;n l&ocirc;ng, ngăn ngừa l&atilde;o ho&aacute; da, sạch mụn c&aacute;m&hellip;.</li>\r\n	<li>*C&Aacute;CH SỬ DỤNG : cho 1 lượng vừa đủ &ndash; massage 30 gi&acirc;y rồi rửa sạch với nước. Sử dụng ng&agrave;y 2 lần : s&aacute;ng v&agrave; tối.</li>\r\n	<li>♻*BẢO QUẢN : nơi kh&ocirc; r&aacute;o, tho&aacute;ng m&aacute;t</li>\r\n	<li>⏳*HẠN D&Ugrave;NG : 1 năm kể từ ng&agrave;y sản xuất Fanpage: V&igrave; t&ocirc;i đẹp</li>\r\n</ul>\r\n', 100, 'cham_soc_da_mat', 135000, 'tuýp', 0, 'MEKENHANOI', 1, 1),
('91', 'TẨY TẾ BÀO CHẾT VÙNG MẶT MẸ KEN / 50ml', 'tay_te_bao_chet_vung_mat_me_ken', 'tay_te_bao_chet_vung_mat_me_ken.jpg', '<ul>\r\n	<li>*TH&Agrave;NH PHẦN : c&aacute;m gạo, tinh nghệ, c&agrave; ph&ecirc;, cacao nguy&ecirc;n chất, mật ong rừng, dầu hạnh nh&acirc;n, dầu bơ, tinh dầu m&acirc;m x&ocirc;i, dầu nho, dầu dừa, dầu c&aacute;m gạo, vitamin E,dầu thầu dầu, &hellip;</li>\r\n	<li>*C&Ocirc;NG DỤNG :</li>\r\n	<li>- Gi&uacute;p da hồng h&agrave;o, s&aacute;ng mịn. Sạch s&acirc;u,sạch mụn c&aacute;m, mụn đầu đen</li>\r\n	<li>- Se nhỏ lỗ ch&acirc;n l&ocirc;ng</li>\r\n	<li>- Sau khi tẩy tế b&agrave;o chết sẽ gi&uacute;p c&aacute;c sản phẩm dưỡng da, mask thẩm thấu s&acirc;u v&agrave; hiệu quả nhanh hơn.</li>\r\n	<li>- L&agrave;m giảm vi&ecirc;m nang l&ocirc;ng</li>\r\n	<li>*C&Aacute;CH SỬ DỤNG :</li>\r\n	<li>Sử dụng tối đa 2 lần/ tuần</li>\r\n	<li>Sau khi rửa mặt, để mặt ướt, lấy một &iacute;t hỗn hợp massage nhẹ nh&agrave;ng l&ecirc;n mặt theo h&igrave;nh v&ograve;ng tr&ograve;n v&agrave; cả m&ocirc;i khoảng 30 gi&acirc;y rồi rửa sạch lại bằng nước lạnh.</li>\r\n	<li>♻*BẢO QUẢN: b&ecirc;n ngo&agrave;i nhiệt độ thường</li>\r\n</ul>\r\n', 100, 'cham_soc_da_mat', 95000, 'hủ', 0, 'MEKENHANOI', 1, 3),
('92', 'MẬT ONG RỪNG TỰ NHIÊN MẸ KEN / 1 lít', 'mat_ong_rung_tu_nhien_me_ken', 'mat_ong_rung_tu_nhien_me_ken.jpg', '<ul>\r\n	<li>Mật ong được xem l&agrave; một m&oacute;n qu&agrave; tuyệt với do thi&ecirc;n nhi&ecirc;n ban tặng với nhiều c&ocirc;ng dụng hữu &iacute;ch.</li>\r\n	<li>Được khai th&aacute;c tự nhi&ecirc;n từ rừng B&agrave; N&agrave;, Sơn Tr&agrave;, gi&aacute;p ranh Quảng Trị</li>\r\n	<li>LƯU &Yacute;: Mật ong rừng sau khi test bỏ tủ đ&aacute; kh&ocirc;ng đ&ocirc;ng nhưng lời khuy&ecirc;n l&agrave; chỉ n&ecirc;n bảo quản ở nhiệt độ b&ecirc;n ngo&agrave;i, nơi tho&aacute;ng m&aacute;t.</li>\r\n	<li>⏳*HSD: 36 th&aacute;ng</li>\r\n</ul>\r\n', 99, 'nuoc_uong_dinh_duong', 700000, 'chai', 0, 'MEKENHANOI', 1, 1),
('93', 'CHUỐT DƯỠNG LÀM DÀI MI VÀ MÀY MẸ KEN', 'chuot_duong_lam_dai_mi_va_may_me_ken', 'chuot_duong_lam_dai_mi_va_may_me_ken.jpg', '<ul>\r\n	<li>*C&Ocirc;NG DỤNG :</li>\r\n	<li>L&agrave;m d&agrave;y mi, l&agrave;m d&agrave;i mi, chống nhăn v&agrave; chống th&acirc;m v&ugrave;ng mắt.</li>\r\n	<li>Kh&ocirc;ng đơn thuần chỉ l&agrave; DẦU DỪA như c&aacute;c loại đang b&aacute;n ngo&agrave;i thị trường. DẦU DỪA c&oacute; c&ocirc;ng dụng l&agrave;m d&agrave;i mi nhưng hiệu quả rất chậm (m&agrave;u chuốt mi trong), ngo&agrave;i ra &iacute;t t&iacute;nh năng dưỡng da v&ugrave;ng mắt, chống l&atilde;o ho&aacute;, chống nhăn, chống th&acirc;m v&ugrave;ng mắt như DẦU BƠ V&Agrave; DẦU THẦU DẦU nguy&ecirc;n chất,&hellip; Ri&ecirc;ng về DẦU THẦU DẦU c&ograve;n c&oacute; c&ocirc;ng dụng l&agrave;m d&agrave;y mi, d&agrave;i mi cực kỳ hiệu quả, chống th&acirc;m v&ugrave;ng mắt, &hellip;</li>\r\n	<li>Hiệu quả đ&aacute;ng kinh ngạc sau 1 th&aacute;ng sử dụng CHUỐT DƯỠNG D&Agrave;I, D&Agrave;Y MI V&Agrave; M&Agrave;Y MẸ KEN.</li>\r\n	<li>*C&Ocirc;NG DỤNG C&Aacute;C LOẠI DẦU THI&Ecirc;N NHI&Ecirc;N NGUY&Ecirc;N CHẤT c&oacute; trong chuốt dưỡng mi ( M&igrave;nh c&oacute; thể uống để c&aacute;c bạn biết được t&iacute;nh tự nhi&ecirc;n v&agrave; an to&agrave;n tuyệt đối trong Chuốt dưỡng d&agrave;i mi MẸ KEN)</li>\r\n	<li>1. DẦU BƠ :</li>\r\n	<li>- Theo c&aacute;c chuy&ecirc;n gia Ấn Độ, Mỹ th&igrave; dầu quả bơ thẩm thấu, x&acirc;m nhập v&agrave;o da s&acirc;u hơn bất kỳ c&aacute;c loại dầu kh&aacute;c đồ g thời th&uacute;c đẩy sản sinh collagen, chống l&atilde;o ho&aacute;, chống nhăn da, chống oxy ho&aacute; v&agrave; th&iacute;ch hợp với l&agrave;n da cực kỳ nhạy cảm.... Gi&uacute;p mắt s&aacute;ng, duy tr&igrave; 1 l&agrave;n da đẹp. D&ugrave;ng l&agrave;m kem dưỡng da, dưỡng m&ocirc;i, cho da kh&ocirc; bong vảy, se kh&iacute;t lỗ ch&acirc;n l&ocirc;ng...</li>\r\n	<li>2. DẦU THẦU DẦU :</li>\r\n	<li>- L&agrave;m mờ c&aacute;c đốm đồi mồi, k&iacute;ch th&iacute;ch mọc t&oacute;c, dưỡng ẩm t&oacute;c, dưỡng tay m&oacute;ng, ngăn ngừa nếp nhăn, tẩy nốt ruồi tr&ecirc;n da, l&agrave;m giảm mụn, dưỡng d&agrave;y l&ocirc;ng mi, l&ocirc;ng m&agrave;y, chữa rạn da, ngăn chảy xệ da....</li>\r\n	<li>3. DẦU DỪA :</li>\r\n	<li>- L&agrave;m giảm da kh&ocirc;, nứt nẻ, d&agrave;i l&ocirc;ng m&agrave;y, l&ocirc;ng mi, l&agrave;m giảm mụn, dưỡng t&oacute;c, dưỡng ẩm, l&agrave;m hồng m&ocirc;i, tẩy trang, l&agrave;m trắng răng.....</li>\r\n	<li>4. DẦU OLIU :</li>\r\n	<li>- Dưỡng da, dưỡng t&oacute;c, tẩy trang, dưỡng mi...</li>\r\n	<li>ĐẶC BIỆT CH&Uacute; &Yacute; : Sản phẩm MẸ KEN kh&ocirc;ng hề c&oacute; m&ugrave;i ngọt ng&agrave;o thơm ng&aacute;t của tinh dầu bởi tinh dầu c&oacute; thể g&acirc;y dị ứng cho v&ugrave;ng mắt m&ocirc;i. N&Ecirc;N SP MẸ KEN thường l&agrave; kh&ocirc;ng m&ugrave;i, chỉ c&oacute; m&ugrave;i rất nhẹ của DẦU NGUY&Ecirc;N CHẤT để đảm bảo t&iacute;nh an to&agrave;n nhất cho người sử dụng.</li>\r\n	<li>*C&Aacute;CH D&Ugrave;NG: B&ocirc;i trực tiếp v&agrave;o l&ocirc;ng mi. Trước khi đi ngủ v&agrave;o ban đ&ecirc;m. 1 lần/ng&agrave;y. Nếu mắt qu&aacute; nhạy cảm d&ugrave;ng tăm b&ocirc;ng chấm đầu cọ v&agrave; b&ocirc;i s&aacute;t gốc sẽ kh&ocirc;ng bị kh&oacute; chịu mắt</li>\r\n	<li>♻*BẢO QUẢN: b&ecirc;n ngo&agrave;i nơi tho&aacute;ng m&aacute;t</li>\r\n	<li>⏳*HẠN D&Ugrave;NG: 2 năm kể từ ng&agrave;y sản xuất</li>\r\n</ul>\r\n', 100, 'cham_soc_da_mat', 90000, 'lọ', 0, 'MEKENHANOI', 1, 1),
('94', 'KEM CHỐNG NHĂN, LÀM GIẢM THÂM VÙNG MẮT HẠNH NHÂN / 15ml', 'kem_chong_nhan_lam_giam_vung_tham_mat_hanh_nhan_me_ken', 'kem_chong_nhan_lam_giam_vung_tham_mat_hanh_nhan_me_ken.jpg', '<ul>\r\n	<li>*TH&Agrave;NH PHẦN: bơ shea,bơ cacao,castor oil,dầu bơ,dầu m&acirc;m x&ocirc;i,dầu hạnh nh&acirc;n,vitamin e,bơ xo&agrave;i,dầu dừa,vitamin K,alpha arbutin ...</li>\r\n	<li>*C&Ocirc;NG DỤNG :</li>\r\n	<li>- Dưỡng ẩm, l&agrave;m giảm th&acirc;m v&ugrave;ng mắt, chống nhăn, chống bọng v&ugrave;ng mắt, gi&uacute;p sẹo mờ dần, chữa l&agrave;nh mọi k&iacute;ch ứng da, dưỡng chống nhăn da, l&agrave;m mờ đốm n&acirc;u, t&agrave;n nhang. Sử dụng cho trẻ con khi v&agrave;o trời gi&oacute; lạnh, 2 m&aacute; của b&eacute; bị đỏ r&aacute;t, l&agrave;m giảm rạn da, ngăn chảy xệ da, &hellip;</li>\r\n	<li>- Rất tốt cho da l&atilde;o h&oacute;a, da kh&ocirc;, da v&ugrave;ng mắt, &hellip;</li>\r\n	<li>KH&Ocirc;NG D&Ugrave;NG cho da bị mụn mủ hoặc qu&aacute; nhờn.</li>\r\n	<li>*C&Aacute;CH D&Ugrave;NG: B&ocirc;i 1 lớp mỏng v&agrave; massage nhẹ nh&agrave;ng trong v&ograve;ng 1 ph&uacute;t v&ugrave;ng mắt mỗi tối trước khi đi ngủ</li>\r\n	<li>♻*BẢO QUẢN: ngăn m&aacute;t tủ lạnh hoặc nhiệt độ dưới 30 độ</li>\r\n	<li>⏳*HẠN D&Ugrave;NG: 1 năm kể từ ng&agrave;y sản xuất</li>\r\n</ul>\r\n', 100, 'cham_soc_da_mat', 190000, 'hủ', 0, 'MEKENHANOI', 1, 1),
('95', 'KEM DƯỠNG BODY HẠNH NHÂN HẢO HẠNG MẸ KEN / 200ml', 'kem_duong_body_hanh_nhan_hao_hang_me_ken', 'kem_duong_body_hanh_nhan_hao_hang_me_ken.jpg', '<ul>\r\n	<li>*TH&Agrave;NH PHẦN : Hạnh nh&acirc;n, vitamin E nguy&ecirc;n chất, collagen, ngọc trai, tinh chất sữa d&ecirc;, dầu bơ, bơ xo&agrave;i, &hellip; v&agrave; c&aacute;c tinh chất thi&ecirc;n nhi&ecirc;n kh&aacute;c</li>\r\n	<li>*C&Ocirc;NG DỤNG :</li>\r\n	<li>+ L&agrave;m giảm hiệu quả khi bị da rắn, da kh&ocirc;, vi&ecirc;m nang l&ocirc;ng, rạn da b&agrave; bầu</li>\r\n	<li>+ Hiệu quả sau 1 th&aacute;ng sử dụng</li>\r\n	<li>+ An to&agrave;n tuyệt đối cho phụ nữ c&oacute; thai v&agrave; cho con b&uacute;</li>\r\n	<li>+ Cung cấp độ ẩm, dưỡng chất nu&ocirc;i da khỏe khoắn, mịn m&agrave;ng</li>\r\n	<li>+ Gia tăng sản sinh collagen cho da săn chắc, chống lại c&aacute;c dấu hiệu l&atilde;o h&oacute;a</li>\r\n	<li>+ L&agrave;m đều t&ocirc;ng m&agrave;u da, tăng sức đề kh&aacute;ng chống vi&ecirc;m da, se kh&iacute;t lỗ ch&acirc;n l&ocirc;ng</li>\r\n	<li>+ Sản phẩm ho&agrave;n to&agrave;n thi&ecirc;n nhi&ecirc;n, kh&ocirc;ng chứa hương liệu hay chất bảo quản</li>\r\n	<li>*C&Aacute;CH D&Ugrave;NG: thoa 1 lần/ng&agrave;y. Chống nắng để c&oacute; kết quả tốt</li>\r\n	<li>♻*BẢO QUẢN: ngăn m&aacute;t tủ lạnh hoặc nhiệt độ m&aacute;t dưới 30 đ&ocirc; C.</li>\r\n	<li>⏳*HẠN D&Ugrave;NG: 1 năm từ ng&agrave;y sản xuất</li>\r\n	<li>*LƯU &Yacute;: N&ecirc;n d&ugrave;ng kết hợp TẨY TẾ B&Agrave;O CHẾT L&Aacute;NG MỊN BODY THI&Ecirc;N NHI&Ecirc;N MẸ KEN để đạt hiệu quả tối ưu nhất. Fanpage: V&igrave; t&ocirc;i đẹp</li>\r\n</ul>\r\n', 100, 'cham_soc_da_mat', 375000, 'hủ', 0, 'MEKENHANOI', 1, 1),
('96', 'TẨY TẾ BÀO CHẾT LÁNG MỊN BODY MẸ KEN / 200ml', 'tay_te_bao_chet_lang_min_body_me_ken', 'tay_te_bao_chet_lang_min_body_me_ken.jpg', '<ul>\r\n	<li>*TH&Agrave;NH PHẦN : c&aacute;m gạo, tinh nghệ, c&agrave; ph&ecirc;, cacao nguy&ecirc;n chất, mật ong rừng, dầu hạnh nh&acirc;n, dầu bơ, tinh dầu m&acirc;m x&ocirc;i, dầu nho, dầu dừa, dầu c&aacute;m gạo, vitamin E,dầu thầu dầu, &hellip;</li>\r\n	<li>*C&Ocirc;NG DỤNG :</li>\r\n	<li>- Gi&uacute;p da hồng h&agrave;o, s&aacute;ng mịn</li>\r\n	<li>- Se nhỏ lỗ ch&acirc;n l&ocirc;ng</li>\r\n	<li>- Sau khi tẩy tế b&agrave;o chết sẽ gi&uacute;p c&aacute;c sản phẩm dưỡng da thẩm thấu s&acirc;u v&agrave; hiệu quả nhanh hơn.</li>\r\n	<li>- L&agrave;m giảm vi&ecirc;m nang l&ocirc;ng</li>\r\n	<li>*C&Aacute;CH SỬ DỤNG :</li>\r\n	<li>Sử dụng tối đa 2 lần/ tuần</li>\r\n	<li>Sau khi l&agrave;m ướt cơ thể, lấy một &iacute;t hỗn hợp massage nhẹ nh&agrave;ng khoảng 10 - 15 ph&uacute;t rồi tắm sạch lại bằng nước lạnh. Kh&ocirc;ng tắm lại bằng sữa tắm.</li>\r\n	<li>♻*BẢO QUẢN: b&ecirc;n ngo&agrave;i nhiệt độ thường</li>\r\n	<li>⏳*HẠN D&Ugrave;NG: 6 - 9 th&aacute;ng kể từ ng&agrave;y sản xuất Fanpage: V&igrave; t&ocirc;i đẹp</li>\r\n</ul>\r\n', 100, 'cham_soc_da_mat', 195000, 'hủ', 0, 'MEKENHANOI', 1, 1),
('97', 'TINH CHẤT GỘI ĐẦU THẢO MỘC MẸ KEN / 250ml', 'tinh_chat-dau_goi_thao_moc_me-ken', 'tinh_chat-dau_goi_thao_moc_me-ken.jpg', '<p>Kh&aacute;c ho&agrave;n to&agrave;n Dầu Gội Tạo Bọt ngo&agrave;i thị trường v&agrave; k&egrave;m dầu xả&hellip; ho&agrave;n to&agrave;n từ ho&aacute; chất, &iacute;t c&oacute; t&aacute;c dụng dưỡng m&agrave; thi&ecirc;n về silicon tạo cảm gi&aacute;c mướt ảo&hellip; G&acirc;y n&ecirc;n t&igrave;nh trạng rụng t&oacute;c, b&iacute;t nang t&oacute;c, nhanh bết. Kh&aacute;c với c&aacute;ch Nấu Truyền Thống kết hợp BỒ KẾT, HƯƠNG NHU, MẦN TRẦU&hellip;. Hỗn hợp nước thi&ecirc;n nhi&ecirc;n n&agrave;y tốt tuy nhi&ecirc;n c&oacute; kh&aacute; nhiều nhược điểm như g&acirc;ybết, r&iacute;t, kh&ocirc;ng mượt, kh&ocirc;ng sạch, &hellip; TINH CHẤT DẦU G&Ocirc;I C&Ocirc; ĐẶC THẢO MỘC DƯỠNG T&Oacute;C MẸ KEN ho&agrave;n to&agrave;n kh&aacute;c biệt&hellip; Kết hợp tất cả những dược liệu qu&yacute; v&agrave; tinh dầu gi&uacute;p t&oacute;c mềm mượt ngay lần gội đầu ti&ecirc;n m&agrave; lại thơm thoang thoảng m&ugrave;i hoa bưởi, hoa nh&agrave;i. *TH&Agrave;NH PHẦN : Bồ kết, vỏ bưởi, hương nhu, kinh giới, bạch chỉ, sả chanh, tầm ma, l&aacute; ổi, l&aacute; cứt lợn, l&aacute; h&agrave; thủ &ocirc;, l&aacute; chua me rừng, bạch đ&agrave;n, gừng, mần trầu, hoa nh&agrave;i, b&aacute;ch diệp, 1 số tinh dầu thi&ecirc;n nhi&ecirc;n l&agrave;m mướt t&oacute;c, *C&Ocirc;NG DỤNG : - Chiết xuất HO&Agrave;N TO&Agrave;N THI&Ecirc;N NHI&Ecirc;N an to&agrave;n v&agrave; tốt tuyệt đối cho cả trẻ con&hellip; Tinh chất thảo mộc với hơn 16 dược liệu qu&yacute; gi&uacute;p mọc t&oacute;c, l&agrave;m giảm g&agrave;u nấm ngứa, ngừa rụng t&oacute;c, gi&uacute;p t&oacute;c đen, su&ocirc;n mượt, chống kh&ocirc; xơ v&agrave; chẻ ngọn&hellip; L&agrave;m giảm g&agrave;u, giảm rụng t&oacute;c, k&iacute;ch th&iacute;ch mọc t&oacute;c L&agrave;m mượt t&oacute;c, giảm kh&ocirc; xơ v&agrave; chẻ ngọn Dầu gội 2 trong 1 Gội h&agrave;ng ng&agrave;y m&agrave; kh&ocirc;ng lo ho&aacute; chất, kh&ocirc;ng cần d&ugrave;ng dầu xả Độ PH 5,5 Nam nữ gi&agrave; trẻ đều d&ugrave;ng chung hạn chế nhiều chai lọ M&ugrave;i thơm thi&ecirc;n nhi&ecirc;n dễ chịu kh&ocirc;ng nồng nặc như hương liệu h&oacute;a chất Những ai bị rụng t&oacute;c, g&agrave;u, hay ngứa đầu... MẸ KEN khuy&ecirc;n chỉ n&ecirc;n gội 1 m&igrave;nh Tinh chất thảo mộc th&ocirc;i... N&oacute; đ&atilde; mềm mượt rồi. Hạn chế sử dụng dầu xả T&oacute;c ai m&agrave; kh&ocirc; qu&aacute; muốn ủ th&ecirc;m, th&igrave; n&ecirc;n d&ugrave;ng dầu dừa, hoặc olive hoặc tinh bưởi MK trước để ủ rồi gội th&ocirc;i l&agrave; đẹp lu&ocirc;n. Nhiều nhất l&agrave; 3 th&aacute;ng, bạn sẽ c&oacute; m&aacute;i t&oacute;c kh&ocirc;ng ngứa, kh&ocirc;ng rụng, d&agrave;y mau d&agrave;i v&agrave; b&oacute;ng mượt Đặc biệt rất tốt cho trẻ con, b&agrave; bầu, sản phụ sau sinh ♻*BẢO QUẢN: b&ecirc;n ngo&agrave;i nhiệt độ thường, nơi tho&aacute;ng m&aacute;t ⏳*HẠN D&Ugrave;NG: 18 th&aacute;ng kể từ ng&agrave;y sản xuất</p>\r\n', 100, 'dau_goi_sua_tam', 155000, 'lọ', 0, 'MEKENHANOI', 1, 1),
('98', 'TINH DẦU BƯỞI NGUYÊN CHẤT MẸ KEN / 100 ml', 'tinh_dau_buoi_nguyen_chat_me_ken', 'tinh_dau_buoi_nguyen_chat_me_ken.jpg', '<ul>\r\n	<li>L&agrave; b&agrave;i thuốc d&acirc;n gian l&agrave;m giảm h&oacute;i đầu v&agrave; rụng t&oacute;c với tinh dầu bưởi</li>\r\n	<li>*C&Aacute;CH D&Ugrave;NG:</li>\r\n	<li>Bồ kết sao v&agrave;ng ng&acirc;m với nước ấm nhỏ v&agrave;i giọt tinh dầu bưởi v&agrave;o nước gội đầu với tr&aacute;i bồ kết sẽ gi&uacute;p mọc t&oacute;c.</li>\r\n	<li>H&ograve;a 40ml tinh dầu bưởi nguy&ecirc;n chất + 20ml tinh dầu Hương Nhu v&agrave;o một l&iacute;t dầu dừa tinh khiết. thấm ướt da đầu sau đ&oacute; mat-xa hỗn hợp tr&ecirc;n ( 15ml -20 ml) v&agrave;o ch&acirc;n t&oacute;c v&ugrave;ng rụng t&oacute;c hoặc h&oacute;i từ 20-30 ph&uacute;tđể cho tinh dầu thẩm thấu v&agrave;o nang t&oacute;c. sau đ&oacute; gội sạch lại đầu bằng dầu gội đầu. mỗi tuần 3 lần, saumột thời gian bạn sẽ c&oacute; m&aacute;i t&oacute;c đen d&agrave;y, &oacute;ng mượt.</li>\r\n	<li>C&aacute;ch d&ugrave;ng tinh dầu vỏ bưởi:</li>\r\n	<li>Massage to&agrave;n th&acirc;n với dầu nền.</li>\r\n	<li>D&ugrave;ng để x&ocirc;ng hương với đ&egrave;n điện x&ocirc;ng hương hoặc l&ograve; đốt nến</li>\r\n	<li>C&oacute; thể b&ocirc;i trực tiếp l&ecirc;n da đầu để trị chứng rụng t&oacute;c, k&iacute;ch th&iacute;ch mọc t&oacute;c.</li>\r\n	<li>Phương ph&aacute;p x&ocirc;ng hơi: Nhỏ 3-4 giọt tinh dầu v&agrave;o khoảng 1/4 l&iacute;t nước s&ocirc;i, d&ugrave;ng hơi n&oacute;ng để x&ocirc;ng mặt v&agrave; h&iacute;t thở đều 10 -15 ph&uacute;t. T&aacute;c dụng se lỗ ch&acirc;n l&ocirc;ng, giảm độ nhờn v&agrave; k&iacute;ch th&iacute;ch tuần ho&agrave;n m&aacute;u; tốt cho họng (d&ugrave;ng trong c&aacute;c ph&ograve;ng x&ocirc;ng hơi, sauna&hellip;).</li>\r\n	<li>- Nhỏ 5-8 giọt tinh dầu vỏ bưởi v&agrave;o nước gội đầu, hoặc trộn c&ugrave;ng dầu gội, hay cho v&agrave;o 10ml nước trộn đều rồi thoa l&ecirc;n t&oacute;c sau khi gội sạch, mỗi ng&agrave;y một lần (kh&ocirc;ng cần xả lại với nước) sẽ giảm r&otilde; rệt lượng t&oacute;c g&atilde;y rụng, k&iacute;ch th&iacute;ch t&oacute;c mọc v&agrave; cho m&aacute;i t&oacute;c b&oacute;ng khỏe, chắc đẹp. C&oacute; thể d&ugrave;ng kết hợp với tinh dầu Hương Nhu v&agrave; dầu nền dừa cho t&aacute;c dụng mọc t&oacute;c nhanh hơn).</li>\r\n	<li>- Khuyến kh&iacute;ch c&aacute;c chị d&ugrave;ng c&aacute;ch sau, cho 5 &ndash; 8 giọt tinh dầu với 10ml nước trộn đều l&ecirc;n rồi thoa l&ecirc;n t&oacute;c sau khi gội sạch, kh&ocirc;ng cần xả lại với nước.</li>\r\n	<li>♻*BẢO QUẢN: Nơi kh&ocirc; r&aacute;o, tr&aacute;nh &aacute;nh nắng trực tiếp, đ&acirc;̣y k&iacute;n lọ sau khi sử dụng.</li>\r\n	<li>Để xa tầm tay trẻ em. Đọc kỹ hướng d&acirc;̃n sử dụng trước khi d&ugrave;ng</li>\r\n	<li>⏳*HẠN D&Ugrave;NG: 1 năm kể từ ng&agrave;y sản xuất</li>\r\n</ul>\r\n', 100, 'cham_soc_da_mat', 180000, 'lọ', 0, 'MEKENHANOI', 1, 1),
('99', 'ĐAI QUẤN NÓNG GIẢM MỠ HEATING PAD', 'dai_quan_nong_giam_mo', 'dai_quan_nong_giam_mo.jpg', '<ul>\r\n	<li>- L&agrave;m giảm c&acirc;n, giảm c&aacute;c số đo khi kết hợp với sản phẩm tinh chất giảm mỡ ưu việt mẹ ken</li>\r\n	<li>- L&agrave;m tan mỡ, giảm c&aacute;c đ&ocirc;c tố, gi&uacute;p da mịn m&agrave;ng</li>\r\n	<li>- L&agrave;m dịu c&aacute;c cơn đau nhức, đau bụng, đau cơ.</li>\r\n	<li>- L&agrave;m tan m&aacute;u bầm</li>\r\n	<li>- Trị đau nhức xương cốt ở người lớn tuổi</li>\r\n	<li>- Mỗi lần quấn 30 ph&uacute;t.</li>\r\n</ul>\r\n', 100, 'cham_soc_da_mat', 350000, 'đai', 0, 'MEKENHANOI', 1, 1);

-- --------------------------------------------------------

--
-- Cấu trúc bảng cho bảng `role_staff`
--

CREATE TABLE `role_staff` (
  `id_role` int(5) NOT NULL,
  `role_name` varchar(50) COLLATE utf8_unicode_ci NOT NULL
) ENGINE=InnoDB DEFAULT CHARSET=utf8 COLLATE=utf8_unicode_ci ROW_FORMAT=COMPACT;

--
-- Đang đổ dữ liệu cho bảng `role_staff`
--

INSERT INTO `role_staff` (`id_role`, `role_name`) VALUES
(1, 'Quản trị viên'),
(2, 'Nhân viên giao hàng');

-- --------------------------------------------------------

--
-- Cấu trúc bảng cho bảng `slide`
--

CREATE TABLE `slide` (
  `id_image` int(10) NOT NULL,
  `content` varchar(300) COLLATE utf8_unicode_ci NOT NULL,
  `image_url` varchar(300) COLLATE utf8_unicode_ci NOT NULL,
  `status` int(2) NOT NULL,
  `create_date` datetime(6) NOT NULL,
  `update_date` datetime(6) NOT NULL
) ENGINE=InnoDB DEFAULT CHARSET=utf8 COLLATE=utf8_unicode_ci;

-- --------------------------------------------------------

--
-- Cấu trúc bảng cho bảng `staff`
--

CREATE TABLE `staff` (
  `id_staff` int(10) NOT NULL,
  `staff_account` varchar(50) COLLATE utf8_unicode_ci NOT NULL,
  `fullname` varchar(50) COLLATE utf8_unicode_ci NOT NULL,
  `pass` varchar(50) COLLATE utf8_unicode_ci NOT NULL,
  `email` varchar(300) COLLATE utf8_unicode_ci NOT NULL,
  `phone_number` int(15) NOT NULL,
  `DOB` date NOT NULL,
  `sex` tinytext COLLATE utf8_unicode_ci NOT NULL,
  `address` varchar(300) COLLATE utf8_unicode_ci NOT NULL,
  `staff_role` int(5) NOT NULL,
  `status` int(5) NOT NULL,
  `created_at` datetime(6) NOT NULL,
  `updated_at` datetime(6) NOT NULL
) ENGINE=InnoDB DEFAULT CHARSET=utf8 COLLATE=utf8_unicode_ci ROW_FORMAT=COMPACT;

--
-- Đang đổ dữ liệu cho bảng `staff`
--

INSERT INTO `staff` (`id_staff`, `staff_account`, `fullname`, `pass`, `email`, `phone_number`, `DOB`, `sex`, `address`, `staff_role`, `status`, `created_at`, `updated_at`) VALUES
(1, 'anhhoang', 'Nguyễn Anh Hoàng', '40bd001563085fc35165329ea1ff5c5ecbdbbeef', 'nguyenanhhoangltqbh@gmail.com', 917073230, '1994-02-07', '', 'hoang anh', 1, 0, '0000-00-00 00:00:00.000000', '0000-00-00 00:00:00.000000'),
(2, 'anhminh', 'Lê Anh Minh', '40bd001563085fc35165329ea1ff5c5ecbdbbeef', 'nguyenanhhoangltqbh@gmail.com', 988460072, '2000-08-01', '', 'Quảng Bình Viet n', 2, 0, '0000-00-00 00:00:00.000000', '0000-00-00 00:00:00.000000'),
(3, 'ngocdieu', 'Nguyễn Ngọc Diệu', 'fdf767a420269d9fe08f7c36823ddb4bef5f55a0', 'nguyenanhhoangltqbh@gmail.com', 988460072, '2017-08-02', '', 'Quảng Bình', 2, 0, '0000-00-00 00:00:00.000000', '0000-00-00 00:00:00.000000'),
(5, 'tunglam', 'Tùng Lâm', 'a933056817eb2924544eaa72472ce906135fc6dc', 'nguyenanhhoangltqbh@gmail.com', 988460072, '2017-08-02', '', 'Quảng Bình', 1, 0, '0000-00-00 00:00:00.000000', '0000-00-00 00:00:00.000000'),
(6, 'minhquang', 'Quang Minh', 'fdf767a420269d9fe08f7c36823ddb4bef5f55a0', 'nguyenanhhoangltqbh@gmail.com', 988460072, '2017-08-08', '', 'Quảng Bình', 2, 0, '0000-00-00 00:00:00.000000', '0000-00-00 00:00:00.000000'),
(7, 'thanhhiong', 'Thanh Hường', 'fdf767a420269d9fe08f7c36823ddb4bef5f55a0', 'nguyenanhhoangltqbh@gmail.com', 988460072, '1971-06-01', '', 'Quảng Bình', 2, 0, '0000-00-00 00:00:00.000000', '0000-00-00 00:00:00.000000'),
(8, 'anhleminh', 'Lê Minh', 'c72ce676b37331f9fb83b8b0df80d3d26aa5ad69', 'leminhanh9873@gmail.com', 987654321, '1967-08-20', '', '97 Man Thiện -  Quận 9- Hồ Chí Minh', 2, 0, '0000-00-00 00:00:00.000000', '0000-00-00 00:00:00.000000'),
(10, 'anhhoangltqbh', 'Bùi Anh Tuấn', 'c72ce676b37331f9fb83b8b0df80d3d26aa5ad69', 'nguyenanhhoangltqbh@gmail.com', 988787787, '1994-02-07', '', 'Lệ Thủy - Quảng Bình', 2, 0, '0000-00-00 00:00:00.000000', '0000-00-00 00:00:00.000000'),
(11, 'haho', 'Hồ Ngọc Hà', 'c72ce676b37331f9fb83b8b0df80d3d26aa5ad69', 'nguyenanhhoangltqbh@gmail.com', 988787787, '1994-02-07', '', 'Lệ Thủy - Quảng Bình', 2, 0, '0000-00-00 00:00:00.000000', '0000-00-00 00:00:00.000000'),
(12, 'anhminhdungcam', 'Nguyễn Anh Minh', '9d8c3bfa81eed230048ba464bcd991af1fb7b06f', 'nguyenanhhung@gmail.com', 93382313, '1994-04-09', '', 'Lệ Thủy - Quảng Bình', 2, 1, '0000-00-00 00:00:00.000000', '0000-00-00 00:00:00.000000'),
(13, 'huytuong1980', 'Trần Huy Tưởng', 'c72ce676b37331f9fb83b8b0df80d3d26aa5ad69', 'huytuong@gmail.commm', 988469987, '2017-08-17', '', 'Bảo Lộc -  Lầm Đồng', 2, 0, '0000-00-00 00:00:00.000000', '0000-00-00 00:00:00.000000'),
(14, 'leanhthu123', 'Lê Anh Thư', '03c326183c03f5ced6927f8bebf96dc52865b063', 'nguyenanhthul1980@gmail.com', 988460072, '2017-08-09', '', 'Quảng trị', 2, 0, '0000-00-00 00:00:00.000000', '0000-00-00 00:00:00.000000'),
(15, 'tunganhhaylam', 'Nguyễn Tùng Anh', '229fc7b38047f1234b7d064afc5f95eeab13ba0f', 'tung@gmail.com', 988478887, '1993-02-10', '', 'Quảng Bình', 2, 0, '0000-00-00 00:00:00.000000', '0000-00-00 00:00:00.000000'),
(16, 'nahnsdfsdm', 'hoang', '40bd001563085fc35165329ea1ff5c5ecbdbbeef', 'anguyenanhhoangltqbh@gmail.com', 988332333, '1922-10-20', '1', '312312321112', 1, 0, '2018-11-10 10:45:05.000000', '2018-11-10 10:45:05.000000');

-- --------------------------------------------------------

--
-- Cấu trúc bảng cho bảng `sub_catalog`
--

CREATE TABLE `sub_catalog` (
  `sub_catalog_id` varchar(20) COLLATE utf8_unicode_ci NOT NULL,
  `sub_catalog_name` varchar(100) COLLATE utf8_unicode_ci NOT NULL,
  `sub_catalog_describe` varchar(500) COLLATE utf8_unicode_ci DEFAULT NULL,
  `catalog_id` int(10) NOT NULL,
  `status` int(2) NOT NULL DEFAULT 0
) ENGINE=InnoDB DEFAULT CHARSET=utf8 COLLATE=utf8_unicode_ci;

--
-- Đang đổ dữ liệu cho bảng `sub_catalog`
--

INSERT INTO `sub_catalog` (`sub_catalog_id`, `sub_catalog_name`, `sub_catalog_describe`, `catalog_id`, `status`) VALUES
('cham_soc_da_mat', 'Chăm sóc da mặt', 'Chăm sóc da mặt', 2, 0),
('dau_goi_sua_tam', 'Dầu gội và sữa tắm', 'Dầu gội và sữa tắm', 2, 0),
('nuoc_uong_dinh_duong', 'Nước uống và thực phẩm dinh dưỡng\r\n', 'Nước uống và thực phẩm dinh dưỡng\r\n', 3, 0),
('son_long', 'Son kem', 'Son lỏng mẹ ken', 1, 0),
('son_thoi', 'Son sáp', 'Son thỏi mẹ ken', 1, 0);

-- --------------------------------------------------------

--
-- Cấu trúc bảng cho bảng `websgle`
--

CREATE TABLE `websgle` (
  `name` varchar(255) DEFAULT NULL
) ENGINE=InnoDB DEFAULT CHARSET=latin1;

--
-- Đang đổ dữ liệu cho bảng `websgle`
--

INSERT INTO `websgle` (`name`) VALUES
('websgle'),
('ajax'),
('php'),
('ajax & php'),
('magento'),
('codeigniter'),
('zend'),
('symfony'),
('javascript'),
('autocomplete'),
('PHP & Jquery'),
('Google');

--
-- Chỉ mục cho các bảng đã đổ
--

--
-- Chỉ mục cho bảng `bill_order`
--
ALTER TABLE `bill_order`
  ADD PRIMARY KEY (`id_order`,`id_staff_create`),
  ADD KEY `staff_bill` (`id_staff_create`);

--
-- Chỉ mục cho bảng `blog`
--
ALTER TABLE `blog`
  ADD PRIMARY KEY (`id_blog`);

--
-- Chỉ mục cho bảng `catalog_product`
--
ALTER TABLE `catalog_product`
  ADD PRIMARY KEY (`id_catalog_product`);

--
-- Chỉ mục cho bảng `customer`
--
ALTER TABLE `customer`
  ADD PRIMARY KEY (`id_customer`);

--
-- Chỉ mục cho bảng `detail_info_order`
--
ALTER TABLE `detail_info_order`
  ADD PRIMARY KEY (`product`,`id_order`),
  ADD KEY `FK_HOA_DON_THONG_TIN_DON_HANG` (`id_order`),
  ADD KEY `product` (`product`),
  ADD KEY `id_order` (`id_order`);

--
-- Chỉ mục cho bảng `feedback`
--
ALTER TABLE `feedback`
  ADD PRIMARY KEY (`id_feedback`),
  ADD KEY `USER_FEEDBACK_FK` (`id_user_feedback`);

--
-- Chỉ mục cho bảng `image_promotion`
--
ALTER TABLE `image_promotion`
  ADD PRIMARY KEY (`id`);

--
-- Chỉ mục cho bảng `import_bill`
--
ALTER TABLE `import_bill`
  ADD PRIMARY KEY (`id_import_bill`),
  ADD KEY `import_bill_staff` (`staff_create`),
  ADD KEY `import_bill_pro_pub` (`id_producer_publisher`),
  ADD KEY `import_bill_staff_in_charge` (`staff_in_charge_bill`);

--
-- Chỉ mục cho bảng `info_detail_import_bill`
--
ALTER TABLE `info_detail_import_bill`
  ADD PRIMARY KEY (`product`,`id_import_bill`),
  ADD KEY `FK_bill_import_detail` (`id_import_bill`);

--
-- Chỉ mục cho bảng `list_review`
--
ALTER TABLE `list_review`
  ADD PRIMARY KEY (`id`);

--
-- Chỉ mục cho bảng `list_wish_product`
--
ALTER TABLE `list_wish_product`
  ADD PRIMARY KEY (`id_list_product`,`id_product`);

--
-- Chỉ mục cho bảng `message_user`
--
ALTER TABLE `message_user`
  ADD PRIMARY KEY (`id_message`),
  ADD KEY `comment_user_fk` (`id_user_message`);

--
-- Chỉ mục cho bảng `order`
--
ALTER TABLE `order`
  ADD PRIMARY KEY (`id_order`),
  ADD KEY `order_staff_fk` (`staff_in_charge`),
  ADD KEY `status_order` (`status_order`),
  ADD KEY `order_customer_fk` (`id_customer`);

--
-- Chỉ mục cho bảng `order_status`
--
ALTER TABLE `order_status`
  ADD PRIMARY KEY (`id_status_order`);

--
-- Chỉ mục cho bảng `producer_publisher`
--
ALTER TABLE `producer_publisher`
  ADD PRIMARY KEY (`id_producer_publisher`);

--
-- Chỉ mục cho bảng `product_info`
--
ALTER TABLE `product_info`
  ADD PRIMARY KEY (`id_product`),
  ADD KEY `product_author_ibfk_1` (`point_promotion`),
  ADD KEY `product_supplier_ibfk_3` (`producer_publisher`),
  ADD KEY `product_sub_catalog` (`sub_catalog`);

--
-- Chỉ mục cho bảng `role_staff`
--
ALTER TABLE `role_staff`
  ADD PRIMARY KEY (`id_role`);

--
-- Chỉ mục cho bảng `slide`
--
ALTER TABLE `slide`
  ADD PRIMARY KEY (`id_image`);

--
-- Chỉ mục cho bảng `staff`
--
ALTER TABLE `staff`
  ADD PRIMARY KEY (`id_staff`),
  ADD KEY `role_staff_fk` (`staff_role`);

--
-- Chỉ mục cho bảng `sub_catalog`
--
ALTER TABLE `sub_catalog`
  ADD PRIMARY KEY (`sub_catalog_id`),
  ADD KEY `fk_sub_catalog` (`catalog_id`);

--
-- AUTO_INCREMENT cho các bảng đã đổ
--

--
-- AUTO_INCREMENT cho bảng `blog`
--
ALTER TABLE `blog`
  MODIFY `id_blog` int(10) NOT NULL AUTO_INCREMENT;

--
-- AUTO_INCREMENT cho bảng `catalog_product`
--
ALTER TABLE `catalog_product`
  MODIFY `id_catalog_product` int(10) NOT NULL AUTO_INCREMENT, AUTO_INCREMENT=4;

--
-- AUTO_INCREMENT cho bảng `feedback`
--
ALTER TABLE `feedback`
  MODIFY `id_feedback` int(20) NOT NULL AUTO_INCREMENT, AUTO_INCREMENT=3;

--
-- AUTO_INCREMENT cho bảng `image_promotion`
--
ALTER TABLE `image_promotion`
  MODIFY `id` int(10) NOT NULL AUTO_INCREMENT;

--
-- AUTO_INCREMENT cho bảng `list_review`
--
ALTER TABLE `list_review`
  MODIFY `id` int(20) NOT NULL AUTO_INCREMENT;

--
-- AUTO_INCREMENT cho bảng `message_user`
--
ALTER TABLE `message_user`
  MODIFY `id_message` int(10) NOT NULL AUTO_INCREMENT, AUTO_INCREMENT=30;

--
-- AUTO_INCREMENT cho bảng `order_status`
--
ALTER TABLE `order_status`
  MODIFY `id_status_order` int(10) NOT NULL AUTO_INCREMENT, AUTO_INCREMENT=4;

--
-- AUTO_INCREMENT cho bảng `role_staff`
--
ALTER TABLE `role_staff`
  MODIFY `id_role` int(5) NOT NULL AUTO_INCREMENT, AUTO_INCREMENT=3;

--
-- AUTO_INCREMENT cho bảng `slide`
--
ALTER TABLE `slide`
  MODIFY `id_image` int(10) NOT NULL AUTO_INCREMENT;

--
-- AUTO_INCREMENT cho bảng `staff`
--
ALTER TABLE `staff`
  MODIFY `id_staff` int(10) NOT NULL AUTO_INCREMENT, AUTO_INCREMENT=17;

--
-- Các ràng buộc cho các bảng đã đổ
--

--
-- Các ràng buộc cho bảng `bill_order`
--
ALTER TABLE `bill_order`
  ADD CONSTRAINT `order_bill` FOREIGN KEY (`id_order`) REFERENCES `order` (`id_order`) ON DELETE NO ACTION ON UPDATE CASCADE,
  ADD CONSTRAINT `staff_bill` FOREIGN KEY (`id_staff_create`) REFERENCES `staff` (`id_staff`) ON DELETE NO ACTION ON UPDATE CASCADE;

--
-- Các ràng buộc cho bảng `detail_info_order`
--
ALTER TABLE `detail_info_order`
  ADD CONSTRAINT `fk_oder_detail` FOREIGN KEY (`id_order`) REFERENCES `order` (`id_order`) ON DELETE NO ACTION ON UPDATE CASCADE;

--
-- Các ràng buộc cho bảng `import_bill`
--
ALTER TABLE `import_bill`
  ADD CONSTRAINT `import_bill_pro_pub` FOREIGN KEY (`id_producer_publisher`) REFERENCES `producer_publisher` (`id_producer_publisher`) ON DELETE NO ACTION ON UPDATE CASCADE,
  ADD CONSTRAINT `import_bill_staff_creater` FOREIGN KEY (`staff_create`) REFERENCES `staff` (`id_staff`) ON DELETE NO ACTION ON UPDATE CASCADE,
  ADD CONSTRAINT `import_bill_staff_in_charge` FOREIGN KEY (`staff_in_charge_bill`) REFERENCES `staff` (`id_staff`) ON DELETE NO ACTION ON UPDATE CASCADE;

--
-- Các ràng buộc cho bảng `info_detail_import_bill`
--
ALTER TABLE `info_detail_import_bill`
  ADD CONSTRAINT `FK_bill_import_detail` FOREIGN KEY (`id_import_bill`) REFERENCES `import_bill` (`id_import_bill`) ON DELETE NO ACTION ON UPDATE CASCADE;

--
-- Các ràng buộc cho bảng `message_user`
--
ALTER TABLE `message_user`
  ADD CONSTRAINT `fk_message_user` FOREIGN KEY (`id_user_message`) REFERENCES `customer` (`id_customer`) ON DELETE NO ACTION ON UPDATE CASCADE;

--
-- Các ràng buộc cho bảng `order`
--
ALTER TABLE `order`
  ADD CONSTRAINT `order_staff_fk` FOREIGN KEY (`staff_in_charge`) REFERENCES `staff` (`id_staff`) ON DELETE NO ACTION ON UPDATE CASCADE,
  ADD CONSTRAINT `status_order` FOREIGN KEY (`status_order`) REFERENCES `order_status` (`id_status_order`) ON DELETE NO ACTION ON UPDATE CASCADE;

--
-- Các ràng buộc cho bảng `product_info`
--
ALTER TABLE `product_info`
  ADD CONSTRAINT `product_sub_catalog` FOREIGN KEY (`sub_catalog`) REFERENCES `sub_catalog` (`sub_catalog_id`) ON DELETE NO ACTION ON UPDATE CASCADE,
  ADD CONSTRAINT `product_supplier_ibfk_3` FOREIGN KEY (`producer_publisher`) REFERENCES `producer_publisher` (`id_producer_publisher`) ON DELETE NO ACTION ON UPDATE CASCADE;

--
-- Các ràng buộc cho bảng `staff`
--
ALTER TABLE `staff`
  ADD CONSTRAINT `role_staff_fk` FOREIGN KEY (`staff_role`) REFERENCES `role_staff` (`id_role`) ON DELETE NO ACTION ON UPDATE CASCADE;

--
-- Các ràng buộc cho bảng `sub_catalog`
--
ALTER TABLE `sub_catalog`
  ADD CONSTRAINT `fk_sub_catalog` FOREIGN KEY (`catalog_id`) REFERENCES `catalog_product` (`id_catalog_product`) ON DELETE NO ACTION ON UPDATE CASCADE;
COMMIT;

/*!40101 SET CHARACTER_SET_CLIENT=@OLD_CHARACTER_SET_CLIENT */;
/*!40101 SET CHARACTER_SET_RESULTS=@OLD_CHARACTER_SET_RESULTS */;
/*!40101 SET COLLATION_CONNECTION=@OLD_COLLATION_CONNECTION */;
